303619.4278472463,3900710.8672280903,0.8069841290335091,1.3576050049768174,2.1645891666412354
303618.1119535961,3900711.496942778,0.7693741726165099,1.328948946314029,2.098323106765747
303616.35225850914,3900712.349953562,-0.11934737716328392,-0.028930663616924084,-0.14827804267406464
303613.09488671366,3900713.917681559,-1.0224392981112407,-0.6802368422141114,-1.7026760578155518
303610.7172264267,3900715.015444668,-0.5453644050467488,-0.06576538355796692,-0.6111297607421875
303608.7983131296,3900715.89392267,-0.5591172577448339,0.2009887750547918,-0.35812848806381226
303606.3088525061,3900716.9998133313,-0.11884843984854242,0.36117554747266123,0.24232709407806396
303603.7448368175,3900718.162981371,-0.17432723835135278,0.09576416136204471,-0.07856307178735733
303602.0006690676,3900718.9634191925,-0.26709566807125934,0.10961914006245607,-0.1574765294790268
303599.86805378145,3900719.928667323,0.03815531433870232,0.12054443451639477,0.15869975090026855
303598.4781084851,3900720.563951977,0.1967151443674133,0.4569397088347059,0.6536548733711243
303596.38757369644,3900721.5268443543,0.11572206749831453,0.1235351502383612,0.23925721645355225
303594.58816730644,3900722.368287956,-0.16428967505642403,-0.03253173744952116,-0.1968214213848114
303592.92397941696,3900723.1370595614,-0.4652627212251896,0.010406494395471944,-0.4548562169075012
303590.96370342036,3900724.031229481,-0.2975364871806839,0.005310058533075011,-0.2922264337539673
303588.2765369194,3900725.2608914394,-0.2769911981160062,0.116943364018851,-0.16004782915115356
303585.76525963325,3900726.4144962267,-0.30105635580034124,0.13970947841998774,-0.161346897482872
303583.40890379366,3900727.501579841,-0.6810030507007693,-0.05554199109284621,-0.7365450859069824
303581.5898298626,3900728.3286092114,-0.647513085735463,0.24938965662804422,-0.3981234133243561
303579.1955967947,3900729.3937324546,-0.6382928639644746,0.057128909507283304,-0.5811639428138733
303577.36771512835,3900730.203841104,-0.3948280229154463,0.3371276787046628,-0.05770033970475197
303575.26052040304,3900731.120234646,-0.4214624523056168,0.20639038747121405,-0.21507208049297333
303573.2891731722,3900731.9735510433,-0.18333028145107585,0.26712037414614775,0.08379007130861282
303571.0511484373,3900732.950905608,-0.22704567993412597,0.15548705532015852,-0.0715586319565773
303568.4185285265,3900734.106218479,-0.18277624905572468,0.136199948465578,-0.046576302498579025
303566.37478971004,3900735.0003312784,-0.04612243318577799,0.0640258797846888,0.017903445288538933
303564.74231596035,3900735.7188210967,0.06883566031159342,0.30926514928521226,0.37810078263282776
303562.5602122921,3900736.6834534425,0.2864993550491929,0.20855713158326836,0.49505648016929626
303560.7878850384,3900737.4809789816,0.16109784227991245,0.12985230148825608,0.29095011949539185
303558.7338492194,3900738.41567258,0.012172066612913835,-0.0018310547384537388,0.010341011919081211
303557.0715287345,3900739.173842309,-0.008777470099287437,0.1480102526750292,0.1392327845096588
303555.27133269096,3900739.998435691,-0.06239398484137143,0.12716674314375848,0.06477276235818863
303552.78250229405,3900741.1477634646,-0.28221018301340994,0.25213621976760914,-0.030073950067162514
303550.98346121854,3900741.9674624377,-0.12957349103190205,0.2260742189268239,0.09650073200464249
303548.7532212856,3900742.982618052,0.10440615826100252,0.32592774261100216,0.4303338825702667
303547.0945143002,3900743.743809949,-0.18874185900677545,0.06298827800022866,-0.12575356662273407
303545.3005929189,3900744.570280819,-0.18258161534480574,0.0791320771038951,-0.10344953835010529
303543.49728113046,3900745.3961676727,-0.17623787704995808,0.10177612188393771,-0.07446175068616867
303541.8212953771,3900746.1590347313,0.02725332857231696,0.16427612139978978,0.19152945280075073
303539.97904430784,3900747.0056230053,0.07211334403029958,0.07116698930428257,0.14328034222126007
303538.2758088951,3900747.7848817706,0.04619042491752069,0.046905517042162594,0.09309594333171844
303535.7463713803,3900748.9523162246,0.03483719643371822,-0.04721069442995126,-0.01237349584698677
303533.7855498508,3900749.8572698496,0.08712185096807618,-0.04507446272059052,0.04204738885164261
303532.25932651514,3900750.573415331,-0.013131542272398669,-0.049591065381500286,-0.06272260844707489
303530.8825623214,3900751.217778715,-0.145950150227477,-0.08172607489493883,-0.22767622768878937
303528.8597066683,3900752.175878316,-0.6366528715117311,-0.09909057687965332,-0.7357434630393982
303527.2458077959,3900752.9148037657,-1.4738025310146015,0.11959838661528188,-1.3542041778564453
303525.7678249675,3900753.5770134823,-2.73227907957632,-2.2374877963827253,-4.969766616821289
303523.89035311865,3900754.351107995,-3.751953965342704,0.18179320874334529,-3.5701608657836914
303522.13552295614,3900755.0283577293,-4.36803105206233,-3.6243592014576955,-7.992390155792236
303519.36481481616,3900755.9347216208,-6.231833435981546,-6.5364381017361355,-12.768271446228027
303517.6479388764,3900756.3478385806,-8.234085888811036,-3.7226255599334923,-11.956711769104004
303515.90535254125,3900756.6255151685,-9.335903831187167,-8.893951318299614,-18.229854583740234
303514.0170727215,3900756.774236481,-11.301210510135588,-1.3613586208125625,-12.662569046020508
303511.7332384634,3900756.7234304817,-9.246877437997927,-5.339660466216141,-14.58653736114502
303510.0460137578,3900756.520242007,-9.722963821262619,-8.952515067790596,-11.33545207977295
303508.0809825886,3900756.1380569795,-7.520282455446867,-1.941223218491545,-9.461505889892578
303506.00967881375,3900755.533085135,-8.200231202416221,-5.7047272471641515,-13.904958724975586
303503.92360115785,3900754.747617675,-6.5537914779830215,-6.038284231036779,-12.59207534790039
303501.7038267874,3900753.6660543317,-8.446811276737437,-2.6032104889344696,-11.05002212524414
303500.353429273,3900752.842219863,-9.470683100305381,-5.822555694309688,-15.293238639831543
303498.2850847041,3900751.315438713,-8.860948698003758,-6.51292432174472,-15.373872756958008
303496.1899184593,3900749.284499059,-10.76753197178935,-6.785430940381658,-17.552963256835938
303494.8351013963,3900747.3287923825,-11.17935993534256,-7.567153774852433,-18.74651336669922
303493.91840506485,3900745.483320327,-8.416691850044973,-0.41255188356395334,-8.829243659973145
303492.9227302001,3900742.940259449,-0.30902427839526353,2.269531201987017,1.9605069160461426
303491.9216458852,3900740.345709072,0.943183170364588,1.689270026449351,2.632453203201294
303491.0327655918,3900738.219504281,0.6525969876337738,1.0401001395924838,1.6926970481872559
303490.1775107194,3900736.2423857288,0.5801319355519649,0.044982908837243256,0.6251148581504822
303489.22527868237,3900734.1186236427,0.9987482533665226,1.082153294147135,2.080901622772217
303488.1767856903,3900731.870138593,0.8940681871775255,0.91554256873231,1.8096107244491577
303487.25673614204,3900729.9264422846,0.24726776231284453,-0.033966063835010614,0.21330168843269348
303486.2471958274,3900727.8441326646,-0.044535841606564854,-0.18864440874918378,-0.23318025469779968
303485.1845271088,3900725.6012386847,0.1535956265285939,-0.1930084193811459,-0.03941279277205467
303484.2627993586,3900723.6648986856,0.2723163605159556,-0.17796326020754,0.0943530946969986
303483.40400395705,3900721.902262167,0.07123393049423399,-0.21896361847487036,-0.14772969484329224
303482.41138587706,3900719.8555778367,-0.22366603029565227,-0.16542053827152392,-0.3890865743160248
303481.6361502231,3900718.234079775,-0.4058991725906551,-0.014328002650967803,-0.42022716999053955
303480.80211644166,3900716.453505343,-0.6738264962346429,-0.43891905512242063,-1.1127455234527588
303479.8377861319,3900714.365526166,-0.6713713100322878,-0.44984436958667917,-1.1212157011032104
303478.7627115882,3900711.9883813797,-0.16646883890698866,0.04791259641876924,-0.11855624616146088
303477.8927950306,3900710.062912529,-0.3286364195450147,-0.29734801664827387,-0.6640764474868774
303477.1780222205,3900708.4216188835,-0.39032532742682113,-0.14607238660123642,-0.5363976955413818
303476.52266170015,3900706.939905622,-0.46761257310393844,-0.18682861896659175,-0.6544411778450012
303475.8627137743,3900705.4852511864,-1.0560962291852423,-0.0612335196931304,-1.117329716682434
303474.9125391928,3900703.271890068,-0.45616965836663986,0.4203186090630512,-0.03585107997059822
303474.1692298573,3900701.49734955,0.2602422936106656,0.4918212714825495,0.7520635724067688
303473.22989516455,3900699.277886104,0.8248968871012493,0.012969970612425514,0.8378668427467346
303472.28330662916,3900697.199042542,0.041262686890247806,-0.28630066591345427,-0.2450379729270935
303471.3232046896,3900695.0975993183,-0.444600918738225,-0.29635619847559397,-0.7409570813179016
303470.65167848876,3900693.58978496,-0.39010230574216437,-0.12248230059018754,-0.5125846266746521
303469.59486282995,3900691.1694365577,0.0077484027162365065,0.11898803183970455,0.12673644721508026
303468.734820258,3900689.2226521326,-0.0941353013172355,0.0861053467308277,-0.008029952645301819
303468.00979956426,3900687.5956380875,-0.6014537584283348,0.011596679871246457,-0.5898570418357849
303466.98551018594,3900685.226359561,-0.39825971272570165,0.26417541535553507,-0.1340843141078949
303465.97093196795,3900682.8611644167,-0.2166874445937504,0.31771849555888154,0.10103106498718262
303465.1462090499,3900680.9220074257,-0.13555106715421358,0.2701568734798944,0.1346057951450348
303464.2627217029,3900678.847119584,0.18675950332188504,0.220031742667184,0.40679123997688293
303463.2945841329,3900676.634941051,-0.097012645237129,0.004486084004991244,-0.09252655506134033
303462.4529860024,3900674.7186035663,-0.10330836543448164,0.007690429484624039,-0.09561793506145477
303461.61790004314,3900672.8036409137,-0.009903083940484215,0.30232239539602657,0.29241931438446045
303460.9750640321,3900671.3357846993,0.17410100167530934,0.27153014170946366,0.44563114643096924
303459.8658378918,3900668.813961479,0.1378916209043462,0.07676697069132611,0.21465858817100525
303458.8671058109,3900666.5914898277,-0.19421512170841676,0.05908203011489622,-0.13513308763504028
303457.9991476778,3900664.677307133,-0.3493707127506313,0.15834046022742393,-0.19103026390075684
303457.21972335037,3900662.897922332,0.06502647581766921,0.3602294862313351,0.42525598406791687
303456.35756335256,3900660.960384635,0.1975606204010404,0.27384949786078544,0.4714100956916809
303455.48106244014,3900659.0311477836,0.009056152156089204,0.09638977067144218,0.10544592142105103
303454.5411761241,3900656.9517090297,-0.09035897376847876,0.024810790559623586,-0.06554818898439407
303453.758393683,3900655.2237258977,0.061570153303698145,0.14976501098212747,0.2113351672887802
303452.9550760647,3900653.4597687065,-0.013048697046995841,0.04434204165897235,0.031293343752622604
303452.21743106685,3900651.80604812,0.16090591663227774,0.06838989041665093,0.22929580509662628
303451.09414523595,3900649.3970329636,-0.41462388548170015,-0.10099792721569921,-0.5156218409538269
303450.0428927903,3900647.0564731276,-0.272405766624974,0.13716125757061765,-0.13524451851844788
303449.1746939334,3900645.063592474,0.3748024418774978,0.0874481192329699,0.46225056052207947
303448.1486371104,3900642.8157175034,0.16860281945536806,-0.12197876090188423,0.04662405699491501
303447.33307686937,3900641.0400521397,-0.26350088081414347,-0.22732545088583203,-0.4908263385295868
303446.4604916106,3900639.1191738863,-0.41601745751579433,-0.19146729124859566,-0.607484757900238
303445.6085487646,3900637.200844174,-0.332824072558173,0.032577514391194794,-0.30024656653404236
303444.7652889844,3900635.28358425,-0.14326569912067688,0.10882568419029083,-0.034440018236637115
303443.8664396318,3900633.2215086436,0.000967761703643188,0.12573241675826902,0.12670017778873444
303443.17397067253,3900631.5970570734,0.3915585500979787,0.1435852105675733,0.5351437330245972
303442.0655729398,3900629.0923904367,0.324963165153723,-0.2247009240168282,0.06147432699799538
303441.1310849009,3900627.0334487744,-0.05534922501177847,-0.28489684859560505,-0.3402460813522339
303440.108877925,3900624.8413549648,-0.6992359738858539,-0.07899475294898081,-0.7782307267189026
303439.14527470333,3900622.6313792174,-0.13380510004762908,0.25956725214117143,0.12576216459274292
303438.29966053565,3900620.7093570647,-0.015670444982832737,0.20518493912398614,0.18951448798179626
303437.315836221,3900618.4910398503,-0.28231164867518166,0.13911438484833716,-0.14319726824760437
303436.53579426627,3900616.716609821,-0.24929286004090043,0.2247009240168282,-0.024591930210590363
303435.43510995514,3900614.198643724,0.25901707506744165,0.18931579500025486,0.44833287596702576
303434.50235531625,3900612.13724519,-0.05237329691616936,0.10554504561435586,0.05317174643278122
303433.52590561664,3900609.9261808163,-0.014885990419539499,0.05303955052020304,0.03815355896949768
303432.5499497328,3900607.7084067003,0.16309088347559422,0.05926513788159074,0.22235602140426636
303431.63827022386,3900605.6639280873,0.2570766343324969,0.022811889675283737,0.2798885107040405
303430.8462775473,3900603.9058369016,0.05321664185073413,0.07597350814905426,0.12919014692306519
303430.1293382084,3900602.2892337283,0.4309333100026328,0.023544310736901906,0.4544776380062103
303429.47577278386,3900600.8483315012,0.4671593260194846,-0.03527832059940593,0.43188104033470154
303428.6122612166,3900598.9770896775,0.17799953224729245,-0.2122497559641594,-0.03425022214651108
303427.67261107836,3900596.9707734175,-0.374527660165537,-0.31109620027173107,-0.685623824596405
303426.62984212243,3900594.6216655443,-0.2086859046615069,-0.11804199727880489,-0.32672789692878723
303425.53361020616,3900592.1828373433,-0.012202236338880255,0.08845519860957655,0.07625296711921692
303424.8707454931,3900590.7327533006,-0.35031944203460197,0.011825561244561304,-0.38196128606796265
303423.9537779471,3900588.700817836,-0.5761565520116059,0.24873353158089986,-0.3274230360984802
303423.1653474862,3900586.7956666546,2.7100041251456157,2.990615830449831,5.700620174407959
303422.348235282,3900584.9809899353,6.368851726487056,8.587539640622733,14.956391334533691
303421.3594975298,3900583.3207060434,9.661710684785945,5.5135498254086714,15.175260543823242
303420.3084140873,3900581.892377437,12.445188648937268,10.331527699895231,22.776716232299805
303418.8261739016,3900580.296837685,12.66697428279769,10.11537184945819,22.782346725463867
303417.224487431,3900579.056114099,14.928677874552463,14.146271167391038,29.074949264526367
303414.860044413,3900577.9310570983,9.452058028212402,8.477142439294171,17.929201126098633
303413.1422058209,3900577.4548585527,10.639771575816967,2.239746027677061,12.879517555236816
303410.8758306155,3900577.111263952,15.40208170102063,9.81249991731867,25.214582443237305
303408.65610965877,3900577.1669681477,13.24471949412156,6.382598762852176,19.6273193359375
303406.52427805454,3900577.70159984,9.489484903543135,4.026947199724349,13.51643180847168
303404.5854021527,3900578.5018102634,3.44993943538743,-0.6589966080818114,2.790942907333374
303402.65816192067,3900579.3821024704,-1.3622128213456373,-2.833862348667804,-4.196074962615967
303400.2190239364,3900580.440586793,-1.3550252211829625,-0.4299316467525946,-1.784956932067871
303397.1593032355,3900581.6758987475,0.9587932475475348,1.4351806927442354,2.3939738273620605
303393.81586856244,3900583.079909793,1.198389987050941,0.736724854527644,1.935114860534668
303391.2193249415,3900584.24551903,0.7806101006054453,-0.08865356758019782,0.6919565796852112
303389.4820524119,3900585.065632261,-0.0025158172630113844,-1.0173949899657748,-1.0199108123779297
303387.8703806944,3900585.826433837,-0.7794052659080256,-0.9964294041433033,-1.7758346796035767
303386.50916955934,3900586.457892429,-1.0890421802553276,-1.0442809624164722,-2.1333231925964355
303384.57449682266,3900587.3273584447,-0.4671208528445504,-0.03961181549362117,-0.5067326426506042
303382.4840934733,3900588.2424077475,0.22176839830493908,0.7957458531670465,1.0175142288208008
303380.5143942296,3900589.1113504865,0.5511551248024502,0.39239500814746725,0.943550169467926
303378.68366694916,3900589.9368927157,0.17899321804982352,0.2833862295306951,0.46237945556640625
303376.70819581975,3900590.843266892,-0.17956175125694776,-0.293334960345774,-0.4728967249393463
303374.59474964434,3900591.8021191414,-0.062279552492347276,-0.16192626952104094,-0.22420582175254822
303373.04786215816,3900592.4976848885,0.10745126203227784,-0.06973266291879313,0.037718597799539566
303371.3690877502,3900593.260125135,0.03441856386752396,-0.04837036250045224,-0.013951797969639301
303369.43002390704,3900594.1409687926,0.1799264993668823,-0.1084594753270084,0.07146702706813812
303367.63267972914,3900594.9730850523,-0.10135147621663332,0.26986693728571265,0.16851547360420227
303365.7114362627,3900595.846852916,-0.9911478536458852,-1.326782175521548,-2.317930221557617
303363.4887557003,3900596.831471152,-2.918834384254405,-4.988189603697863,-7.907023906707764
303361.8135003253,3900597.482593669,-5.900407898016786,-3.0911560015890074,-8.99156379699707
303359.98989584413,3900598.0862590363,-11.37842836002352,-8.435363879688495,-19.813791275024414
303358.0419300549,3900598.506894307,-14.030326144909134,-11.61163321640256,-25.64196014404297
303356.54656307667,3900598.5931673683,-18.07431125151808,-19.705322859276688,-38.839515686035156
303354.72532294586,3900598.3382852394,-22.908254693189544,-10.518585236920725,-33.42683792114258
303353.1667037722,3900597.7101310366,-24.107325137836547,-15.77858051109195,-39.88590621948242
303351.8272623217,3900596.8362492565,-16.582591106598123,-13.212615897475207,-29.79520606994629
303350.46850758814,3900595.433966437,-17.4067131941154,-15.766692566841543,-33.173404693603516
303349.54178496497,3900593.967998657,-13.758147375352356,-9.544464511267153,-23.302610397338867
303348.6444206968,3900591.717768034,1.70081336631179,5.823837208552711,7.524650573730469
303347.9672409445,3900589.80362536,6.221206088519829,6.545181170760575,12.766387939453125
303347.3050863811,3900588.193630247,4.459053568036505,2.340972846271235,6.8000264167785645
303346.62054614676,3900586.751522315,1.3261823995350563,-1.1967010093352437,0.12948140501976013
303345.6661949776,3900584.8833653736,-1.5265976521429787,-1.9855957558779442,-3.512193441390991
303344.8775605516,3900583.3069767877,-2.26963130694704,-0.9951934600686484,-3.264824867248535
303344.05219848856,3900581.4014479276,-1.2392234192302158,0.2879486091332785,-0.9512748718261719
303343.3250000468,3900579.6241930295,0.19241461981017793,0.9026336179226917,1.0950483083724976
303342.6339516964,3900578.003575152,1.104167527450615,1.5088805683227888,2.6130480766296387
303341.73155126534,3900575.919319412,0.9388284978818817,0.4167480476331477,1.355576515197754
303340.7344593187,3900573.692216733,0.6196988478878785,-0.1473693888318116,0.4723294675350189
303339.9857129905,3900572.058551908,0.23870099754635604,-0.48474119343844946,-0.2460401952266693
303338.94343575696,3900569.834055314,-0.07813366886588319,-0.3934478711358541,-0.4715815484523773
303338.1163225773,3900568.0501134796,0.11109565487226226,-0.2288055475428885,-0.08508282899856567
303337.0815438174,3900565.820989362,0.28604440041744655,-0.2114715546258143,0.07457283139228821
303335.9773196174,3900563.479924418,-0.5225182226858496,-0.448318462637416,-0.9708366990089417
303335.1673367377,3900561.715341887,-0.2807280586439436,-0.1977081364788568,-0.4784361720085144
303334.3004380036,3900559.804415439,-0.11839452575342747,-0.09333801013376875,-0.21173253655433655
303333.0416921297,3900557.025911857,-0.7067776766683116,0.07868957556119215,-0.628088116645813
303331.6043860135,3900553.784591159,-0.48948054430964494,0.3472595172864362,-0.14222100377082825
303330.6994220546,3900551.7477255203,-0.4320274476107307,0.41273499133064784,-0.019292471930384636
303329.9079592187,3900549.9989478565,-0.6460326955937156,0.3755493070549828,-0.2704834043979645
303328.9375398355,3900547.8258859613,-0.5230831006745508,0.46955869676971607,-0.05352437496185303
303328.1144941135,3900546.068865987,-1.3094938995151881,0.3239593407891427,-0.9855345487594604
303327.4153151566,3900544.438464946,-1.0844803609416995,0.5570678808287127,-0.5274124145507812
303326.7340888657,3900542.7958852514,-0.09706355149078676,0.6098937911692078,0.5128302574157715
303326.05985859846,3900541.1696592933,0.5065205856283574,0.5815429565849544,1.0880635976791382
303325.30778959766,3900539.2138403486,1.9803915786172177,0.11764525933756236,2.098036766052246
303324.23820667283,3900536.8816176723,1.492694193928622,-0.5989380076579488,0.8937562108039856
303323.1734988665,3900534.5379874143,0.40330796957428156,-0.7799987986747292,-0.3766908049583435
303322.25813567475,3900532.481328941,0.8508551811244415,-0.6080475056591889,0.24280768632888794
303321.37213253835,3900530.60668911,0.18360208829548796,-0.682418820849666,-0.49881672859191895
303320.59569414274,3900528.8515989464,0.5286631517830396,-0.623123173900435,-0.09446002542972565
303319.78067840793,3900527.1045671115,0.12911442761448313,-0.6069946426708019,-0.47788020968437195
303318.6458207143,3900524.8080925574,-1.1571067228817973,-0.37434388538818136,-1.5314505100250244
303317.8070035416,3900523.057252077,-1.9239029259734504,0.14073180566030793,-1.7831710577011108
303316.7372143063,3900520.5747840307,-0.668287959869703,1.0579070830889419,0.3896191418170929
303315.8937726916,3900518.5534586515,0.6651436182522642,0.7386779684651503,1.403821587562561
303314.97683482664,3900516.4346836777,0.9031502577003796,0.18675231294695802,1.089902639389038
303313.9107331905,3900514.070920352,0.3134435708708205,-0.45614623295222084,-0.14270266890525818
303313.0323915334,3900512.159077439,-0.1400311109607866,-0.5894775553272464,-0.729508638381958
303312.29062019184,3900510.550393031,-0.4979232984540154,-0.4248199438499276,-0.9227432608604431
303311.36021137866,3900508.478718643,-0.3282291428353262,0.08650207800196363,-0.2417270690202713
303310.57825418236,3900506.688273576,0.07013496372894952,0.18972778080521094,0.2598627507686615
303309.8056106352,3900504.907760255,0.4630881063873339,0.5339507854176873,0.9970389604568481
303309.0954014641,3900503.289565892,0.6971642921332244,0.3106994623304885,1.0078637599945068
303308.1715866231,3900501.2492909674,0.2788190207709251,-0.1420288078908831,0.1367902308702469
303307.4405264005,3900499.661536531,-0.10945283429431553,-0.21736144552661316,-0.32681429386138916
303306.6413092982,3900497.9189954856,-0.38270038171385395,-0.23040770715093253,-0.6131080985069275
303306.0420201147,3900496.6149448184,-0.43611987818190545,-0.08300780925148064,-0.5191276669502258
303305.31228899374,3900495.0154703357,-0.5816751314175647,0.09304809394990683,-0.4886270761489868
303304.4781670302,3900493.136409644,-0.438356845176364,0.1755981471248644,-0.26275870203971863
303303.6382429282,3900491.2391994554,-0.28117428877624234,0.27987671291649857,-0.0012975790305063128
303302.8578911214,3900489.474144478,-0.24807636599712413,0.19004821272681974,-0.05802815407514572
303302.1393904092,3900487.871006954,-0.49042444443642896,0.21153259944152128,-0.27889183163642883
303301.35671934043,3900486.1139524793,-0.642941448024903,0.21063232181197541,-0.4323091506958008
303300.3627254825,3900483.8770122062,-0.395246638806374,0.39889526716405665,0.0036486235912889242
303299.4443981017,3900481.833609446,-0.6062876647308527,0.3572387705093687,-0.2490488886833191
303298.6644111746,3900479.9688228024,0.29255119613851505,0.2893219040432742,0.5818731188774109
303297.857585261,3900478.058284909,1.2996571464499003,0.08386230326924626,1.3835194110870361
303297.022529525,3900476.1788316164,0.9102839634016349,-0.30145264017433415,0.6088312864303589
303296.15197942883,3900474.3007403254,0.2913964939623862,-0.483596816587355,-0.19220031797885895
303295.3934058534,3900472.6296525174,0.15318848322103767,-0.5698700032108439,-0.4166814982891083
303294.7105040777,3900471.103502517,0.36300395709696187,-0.4080047651652967,-0.04500081390142441
303293.76351518766,3900468.9817296714,0.47849087665680023,-0.36312866141016753,0.11536218971014023
303292.63180219615,3900466.5744753466,-0.2022105785034307,-0.33384705346894106,-0.5360576510429382
303291.5580705449,3900464.2754820236,-0.5664423154645553,-0.29150390935925524,-0.8579462170600891
303290.1730891705,3900461.16991123,0.14442623096998403,0.22744751383681958,0.37187373638153076
303288.9113367277,3900458.2798855617,0.8562096759077612,-0.04463195784283427,0.8115776777267456
303287.7816479038,3900455.770731827,0.29622466397321834,-0.4696655251972033,-0.1734408736228943
303286.5337040459,3900452.9993966147,-0.4100952832989966,-0.44932554201402264,-0.8594208359718323
303285.81828479806,3900451.391609304,-0.6260517775896366,-0.5095367544771527,-1.135588526725769
303284.72849739075,3900448.926479945,-0.33455053627302594,0.03651428134932742,-0.29803624749183655
303283.9418616679,3900447.0563126723,0.6771697671116583,0.5313568076369634,1.208526611328125
303283.1863105682,3900445.3670745874,0.6562583425548709,-0.012939453207151978,0.6433188915252686
303282.36169053486,3900443.516596078,0.3450030469002462,0.07075500349932651,0.41575804352760315
303281.5669586378,3900441.801001266,0.06701081919432982,-0.0782165516106357,-0.011205734685063362
303280.50788696785,3900439.500017292,-0.13737835620060357,-0.04406738334398387,-0.18144574761390686
303279.62773857557,3900437.566050551,-0.14895347245093887,0.02716064410589908,-0.12179283052682877
303279.07877510187,3900436.38010479,-0.12487389399611015,0.3602600086391886,0.23538611829280853
303278.34788187593,3900434.7484151763,0.25217082428070875,0.30908204151851776,0.5612528920173645
303277.45355957176,3900432.865469002,-0.4164712382087771,0.204147337339526,-0.21232390403747559
303276.33562715596,3900430.4159672144,-0.7627121234939558,-0.29479979579890375,-1.0575119256973267
303275.2825915454,3900428.003318007,-0.1845026327292983,0.2961273070971192,0.11162468791007996
303274.37811879104,3900425.8852357008,0.8634701669954847,0.16523743050482942,1.0287076234817505
303273.53699759475,3900423.9959805696,0.9207033102587835,-0.16049194313555148,0.7602113485336304
303272.4896447264,3900421.6817809027,0.40756464485065397,-0.5795440590356677,-0.17197942733764648
303271.6869453899,3900419.9366319315,-0.24438304792514554,-0.509338358826105,-0.7537214159965515
303270.8543014792,3900418.015659393,-0.2091660856364573,-0.30975342776958886,-0.5189195275306702
303269.9194732841,3900415.942434114,-0.10690265910370829,-0.12615966376715182,-0.23306232690811157
303269.00373933115,3900413.9312570426,-0.4182091478265751,0.007369995061725259,-0.41083917021751404
303268.06328368024,3900411.73706022,0.11257399062117335,0.20555114131716196,0.3181251287460327
303267.2430093324,3900409.7894016416,0.5634364452603678,0.1066589334081299,0.6700953841209412
303266.5261529072,3900408.1139853452,0.8730248012315392,-0.029754638561889514,0.8432701230049133
303265.5262119329,3900405.910906888,-0.037492739298464806,-0.3531494081872351,-0.3906421661376953
303264.5548176692,3900403.7532121986,-2.534999951014491,-2.460754300632572,-4.995754241943359
303263.73030260904,3900401.7178859436,-4.214697574063775,-5.95501696797833,-10.16971492767334
303263.1206482065,3900399.972341469,-8.194683381262879,-4.198471179029941,-12.393155097961426
303262.4875156487,3900397.468855091,-11.372872854907362,-7.712310662640837,-19.08518409729004
303262.23603183497,3900395.3229202763,-15.816307060972516,-12.726013584209635,-28.542320251464844
303262.30128625483,3900393.3955745054,-12.441541327920481,-10.413284210486637,-22.854825973510742
303262.7200445485,3900391.533233358,-12.783302649646764,-3.7321626384489455,-16.515464782714844
303263.47259941685,3900389.7296202723,-13.839520541576597,-10.056915675446637,-23.896434783935547
303264.26535148185,3900388.299319418,-15.012243531500276,-16.833694473697182,-31.845937728881836
303265.7292402239,3900386.544418408,-10.91926035533295,-14.254875444062472,-25.174135208129883
303267.06444672577,3900385.2558093215,-11.312852567575874,-6.357505928502018,-17.670358657836914
303268.5000140933,3900384.294419416,-8.313599536033738,-4.283416961076919,-12.597016334533691
303270.2283848705,3900383.3933068165,-3.205440647772365,-0.6948089440866279,-3.900249719619751
303271.89547787164,3900382.6288070953,0.28597305695713165,2.4472808987210755,2.7332539558410645
303273.9817347119,3900381.5888492204,-1.3516312574957008,-0.756767297595106,-2.1083984375
303276.6439679824,3900380.318717228,-1.9191550907266453,-1.4716949907688295,-3.3908498287200928
303278.5246872044,3900379.533843559,0.31673163994552045,1.102256782030304,1.4189883470535278
303281.6237349207,3900378.1192270727,-0.05576142426014609,0.38877105918424654,0.33300963044166565
303283.83683449053,3900377.1189301033,-0.31731879609030356,-0.38083648712238094,-0.6981552839279175
303285.98790631583,3900376.1451550433,-0.4756622178450629,-0.25595856438187753,-0.7316207885742188
303287.97096504946,3900375.283603753,0.24010430793610277,0.08086395027520984,0.32096827030181885
303289.7865581238,3900374.4660799014,0.3000138181369887,0.2860641439330161,0.5860779881477356
303291.5960941043,3900373.640440232,0.23641187031819685,0.06752014186506518,0.3039320111274719
303293.9901413917,3900372.5535068423,0.5286012531936863,0.36513518956141744,0.8937364220619202
303296.2630279608,3900371.5125999423,1.1505765284267362,1.1370467774545872,2.287623405456543
303298.83287334046,3900370.2733998448,0.7667719772644408,0.3527450663244556,1.1195169687271118
303301.2280072314,3900369.073171278,0.7769143812950866,-0.40070342634468525,0.37621092796325684
303302.8599739828,3900368.226399952,0.19009510357629747,-0.20391845930126445,-0.013823349960148335
303304.6375923549,3900367.3137244815,-0.14296112871258984,-0.23780821711664132,-0.38076937198638916
303306.56744485314,3900366.348394033,-0.01998831014973096,0.0817871063704326,0.06179879978299141
303308.50158737274,3900365.3858978655,0.507145814741678,0.25211335464214546,0.7592591047286987
303309.9909566459,3900364.6036416786,0.038183122013165,0.03022003191048258,0.06840315461158752
303312.080357173,3900363.5273499377,-0.0707933432721285,0.11520385357546627,0.04441051185131073
303314.1645873836,3900362.4634003304,0.5174002232025414,0.729866010579629,1.2472662925720215
303316.0910258506,3900361.4852906694,0.8985690150362994,0.1711654610752319,1.0697344541549683
303318.0086472233,3900360.4780641617,1.0598765254474327,0.7823791729613315,1.842255711555481
303319.924064958,3900359.442358218,2.4389965195880845,3.3458861991373405,5.784882545471191
303322.393327418,3900357.9998237113,3.9159626021271654,4.250343477568426,8.166305541992188
303324.20869473205,3900356.78096855,4.661075622646673,2.012313748363742,6.673389434814453
303326.2272875862,3900355.252816191,3.2784400020741686,0.8116455196986312,4.090085506439209
303328.16394330177,3900353.601757666,3.8593539942860997,1.9926299969494112,5.851984024047852
303329.9164978798,3900351.971895013,3.5729727001239278,0.2763519350983753,3.8493247032165527
303331.3698926241,3900350.521788166,1.6096547801627437,-0.7414550806929951,0.8681996464729309
303332.91832520434,3900348.9328005016,0.6440983113155739,-1.1965179816098286,-0.5524196028709412
303334.70177712163,3900347.1141754068,0.2162277942069497,-0.933822609550497,-0.7175948619842529
303336.36076773866,3900345.447098916,0.2647732169904699,-0.5051269602334103,-0.2403537482023239
303337.7739789424,3900344.0736863967,0.5501823030933994,-0.3089599518871038,0.2412223368883133
303338.779273526,3900343.084748789,1.051839207063326,0.1516876158519935,1.2035268545150757
303340.0202027022,3900341.838411097,1.3249859424915407,-0.08134460482772965,1.2436413764953613
303341.6285597038,3900340.196967169,1.1190077142480546,-0.27050780112893025,0.8484999537467957
303342.88289807737,3900338.896367207,0.7686076439647347,-0.6134948483265384,0.15511277318000793
303344.45334568375,3900337.236499235,0.4300826312858489,-0.04922485318316455,0.38085776567459106
303346.4552380364,3900335.1338686077,0.2838385161197969,-0.1626892096554593,0.12114931643009186
303347.97868303827,3900333.536251534,0.5130379734787247,0.007766723831571206,0.5208046436309814
303349.37869981537,3900332.110786797,0.8209673938943763,-0.23699950671065595,0.5839678645133972
303350.78998667793,3900330.60954177,0.5545948187406392,-0.5314025912487436,0.023192238062620163
303352.3970253591,3900328.881715649,-0.05310233956878889,-0.5824127384870731,-0.635515034198761
303354.0128387682,3900327.1783352816,-0.32838495652576716,-0.993301390946849,-1.3216863870620728
303355.64270041627,3900325.4849101957,-0.34175078295783584,-0.3182983412668186,-0.6600491404533386
303357.0708360482,3900324.0649916735,0.2189536933562327,-0.009353638077191667,0.2096000611782074
303358.7226971587,3900322.3912716033,0.10231932202615206,-0.6013793733994052,-0.4990600645542145
303360.9329878035,3900320.159047355,0.043904879536611784,-0.7498779312392374,-0.7059730291366577
303362.58311761817,3900318.5232497924,-0.10197771918615886,-0.40202330704093736,-0.5040010213851929
303363.89697851165,3900317.234972877,0.21424394441817834,-0.23399352978476276,-0.019749585539102554
303365.68820015027,3900315.481613963,0.38637817177764133,-0.36895750749525935,0.017420658841729164
303368.23304142413,3900312.973971865,-0.2680880998937475,-0.3692627048933679,-0.6373507976531982
303369.93089521164,3900311.294699529,-0.8557162481010807,-0.03474426183830242,-0.8904604911804199
303371.9143698172,3900309.4250696986,0.6755040013669685,0.8177032571621978,1.4932072162628174
303373.8591590974,3900307.4927098826,0.48174626220910466,0.30244445834701406,0.7841907143592834
303375.55801110086,3900305.8201019196,0.6362858022046958,0.1115417449323221,0.7478275299072266
303377.2112056117,3900304.114866526,-0.025288038355191656,-0.2284851156212797,-0.25377315282821655
303378.49663523026,3900302.8034928916,-0.21546854931159404,-0.06172180484761358,-0.27719035744667053
303380.0265261269,3900301.2914176155,-0.519801034695801,-0.4963836777655593,-1.016184687614441
303381.37737623544,3900300.0006637243,-0.16794989605939717,-0.299835192681937,-0.4677850902080536
303382.8645596466,3900298.5451170495,0.10464514151078023,-0.9157409643833577,-0.8110958337783813
303384.4315807349,3900296.9750697757,-0.6459277881569324,-0.5142364582346504,-1.1601642370224
303386.1667041668,3900295.332382123,0.055379680718565846,-0.46366883254934366,-0.4082891345024109
303388.09715290694,3900293.5073818304,-0.22337749482385888,-0.20451355287291503,-0.4278910458087921
303389.99886483245,3900291.688990534,-0.6984696586774902,-0.1765594428896908,-0.8750291466712952
303391.49314612756,3900290.3157231626,-0.4901337878707332,-0.002502441406406499,-0.49263620376586914
303393.25700097915,3900288.6831261883,-0.532611961618659,-0.4305114657801052,-0.9631234407424927
303394.87786620506,3900287.215102206,-0.9770003974406731,-0.10684204117482443,-1.083842396736145
303396.53658782993,3900285.7473608325,-1.6920027424475907,-1.5434875360216567,-3.235490322113037
303398.1871652089,3900284.3231201353,-1.2484682937152398,0.04840087823819912,-1.200067400932312
303399.975514533,3900282.8395122555,-1.253522206814226,-0.9225158717097757,-2.1760380268096924
303401.5293946495,3900281.5902354233,-0.9847410294827075,-0.004974365407539462,-0.9897153377532959
303403.21967774635,3900280.2776916283,0.10451528787527066,0.3287506117702008,0.43326589465141296
303405.04420269874,3900278.825105811,0.1603550191870339,0.3952331651910191,0.5555881857872009
303406.91059555666,3900277.3584393384,-0.07546139737375537,0.2370758127302897,0.16161440312862396
303408.24149597005,3900276.2926753433,0.0248034467722445,0.22656249741120046,0.2513659596443176
303410.07098325505,3900274.83539787,0.0005259394175002336,0.1351013152056241,0.13562725484371185
303411.6553108077,3900273.5653499337,-0.0021976625574878614,-0.03822326604980535,-0.040420930832624435
303413.74710065976,3900271.8924734723,-0.5367418781889896,-1.0700607643867448,-1.6068025827407837
303415.4771975865,3900270.5383175546,-1.0869184183102767,-0.4140701332308267,-1.5009886026382446
303417.49870430265,3900268.994194962,-1.631564319472852,-1.2573090131004692,-2.888873338699341
303419.32513698656,3900267.667691186,-0.2888554234673035,0.14113617420351382,-0.14771924912929535
303421.72997721436,3900265.9368707296,0.18188333522387773,0.4187774675902877,0.6006608009338379
303423.5505663355,3900264.6144937966,0.02357902197170732,0.1776885985574982,0.20126761496067047
303425.77087213227,3900262.998060152,-0.025221827541914186,0.12965393251763482,0.1044321060180664
303427.27876174543,3900261.8989337743,0.007027256636081482,0.17955017195187048,0.1865774244070053
303429.05381570884,3900260.594984221,-0.28177545214490923,0.008300780925148065,-0.27347466349601746
303430.6807094263,3900259.418592898,-0.12148109090739888,0.0636749254552265,-0.057806167751550674
303432.3061706827,3900258.2352301357,0.0008330788588367912,0.18964385752382704,0.1904769390821457
303434.3554660535,3900256.735324764,0.31169146726615354,0.4019699195076202,0.7136613726615906
303436.12540588976,3900255.4357927665,0.07594802834179894,-0.17664336617107468,-0.10069534182548523
303438.15273648093,3900253.9348925925,-1.095321258536685,-0.9292983562773041,-2.0246195793151855
303440.2080567226,3900252.454899131,-0.39043890600219905,0.38067627116157654,-0.009762640111148357
303441.9671734137,3900251.2080586865,0.4459135156780575,0.7812423733513475,1.2271559238433838
303443.58090197144,3900250.0465328125,0.6871888008504208,0.915260289820518,1.6024490594863892
303445.4476856148,3900248.6901074513,0.03013554834014334,-0.08073425005215232,-0.05059870332479477
303447.0530647098,3900247.5116960066,-0.34315067825299755,-0.49762725244217765,-0.8407779335975647
303448.9125658872,3900246.1556358733,-0.42053197243333473,-0.4688720493147182,-0.8894040584564209
303450.8662042315,3900244.7656917837,0.011026180650198539,-0.07744598087425397,-0.0664198026061058
303452.1637378316,3900243.8282888224,-0.26741228469188644,-0.18056488193044049,-0.4479771554470062
303453.91520604223,3900242.5785607514,-0.3521721575273944,0.052360533667168564,-0.29981163144111633
303455.383756075,3900241.526408315,-0.4114109484878703,0.029258729475549562,-0.3821522295475006
303457.0837679686,3900240.3061371725,-0.519959676511445,0.018150328922443008,-0.5018093585968018
303459.2188939095,3900238.8170929854,-0.9689330902572418,-1.4542923090938717,-2.4232254028320312
303461.17678567313,3900237.4909216277,-1.73102926942628,-0.6274414009206168,-2.3584706783294678
303462.93157666374,3900236.3581421557,-2.6458844436516515,-2.2488250566313006,-4.894709587097168
303464.7935976942,3900235.2248699893,-3.041090501529402,-3.2950668169480952,-6.336157321929932
303466.80846990866,3900234.088265923,-2.2544981690672308,-0.41742706448618216,-2.6719253063201904
303468.55144583626,3900233.1757961707,-2.6737768017878683,-2.0044861381314956,-4.678262710571289
303470.4583891608,3900232.2556730807,-2.5795840108217494,-0.625801088302756,-3.205385208129883
303472.0698626731,3900231.5255736965,-1.964231137597556,-0.8151702708363281,-2.7794013023376465
303474.26838589134,3900230.5696710953,-0.7696332929181473,0.279975884061596,-0.4896574318408966
303476.02345184644,3900229.8200431163,-0.17136022818828306,0.5579376093699787,0.38657739758491516
303477.7671241565,3900229.0696928706,0.48991372771341185,1.4580306637256901,1.9479444026947021
303479.81094525085,3900228.1691240105,1.2245644458891933,2.1126099536835015,3.337174415588379
303481.54911234183,3900227.365576214,1.3125250094027927,1.1731719681399018,2.485697031021118
303483.27261309064,3900226.5248945537,0.2895198461270723,-0.6133193978422338,-0.3237995505332947
303484.8474102776,3900225.746073386,-0.5149355921292247,-0.8459777857268177,-1.3609133958816528
303486.85904366506,3900224.778339518,-1.047114316983264,-1.049087494601457,-2.0962018966674805
303488.73155165184,3900223.907036989,-0.5363073607639004,-0.5204696461825217,-1.056777000427246
303490.45669117395,3900223.122991048,-0.43949788697415276,-0.3614120427726729,-0.8009099364280701
303492.3316899404,3900222.2883746014,-0.2260819829309195,-0.3451614485920523,-0.571243405342102
303494.4957345109,3900221.3325842726,0.03759949768983262,-0.10344696357975869,-0.06584746390581131
303496.6690655972,3900220.37294872,0.004645672558892516,-0.1318283072316525,-0.12718263268470764
303498.69998405175,3900219.4799498473,-0.004986035175937666,-0.14094543583485594,-0.14593146741390228
303500.3113533268,3900218.7656345093,-0.17892990539786868,-0.09314727843521747,-0.27207717299461365
303502.53410159424,3900217.7905794247,-0.1198458875912023,0.3554382419307034,0.2355923354625702
303504.46287901554,3900216.942238117,0.1421704942955212,-0.04048919798222361,-0.017697155475616455
303506.6973335593,3900215.969074288,-0.08972221871093375,-0.599205025365814,-0.6889272332191467
303508.3360656861,3900215.2578683486,-0.46654226111665625,-0.8684463333318093,-1.3349885940551758
303510.5498380187,3900214.3097164277,-0.5192334353036023,-0.6805267517278667,-1.1997601985931396
303512.74957075587,3900213.408001994,-0.7794973133792622,-0.7460708478288958,-1.5255682468414307
303514.9410092317,3900212.5427699834,-0.9330221967571362,-1.6111373580994595,-2.5441596508026123
303516.86060571,3900211.825546696,-1.3009410085704511,-0.9249267150433785,-2.225867748260498
303518.8186334724,3900211.14373151,-1.5891639992092939,-1.4790497171227581,-3.068213701248169
303520.6653038661,3900210.528339083,-1.7608655634333055,-1.0640106041642887,-2.824876308441162
303522.70064620755,3900209.8959171167,-1.5581697746945395,-1.741020235356422,-3.299190044403076
303525.05943877646,3900209.2187703415,-2.096245247318974,-2.110320986537901,-4.206566333770752
303526.98776924197,3900208.7099392936,-2.5252891295620254,-0.5974731455243926,-3.122762441635132
303528.80017262476,3900208.2832058547,-0.5741464486832123,0.18817139146873393,-0.38597503304481506
303530.41343220545,3900207.906267481,-0.46958057471940123,0.6399841361968461,0.17040354013442993
303532.6068335307,3900207.4102548393,-0.3348594155699839,0.3145675638761107,-0.02029184252023697
303534.63905426604,3900206.939337243,-0.48399921077900393,0.09855652145360311,-0.38544267416000366
303536.97015481885,3900206.4122559587,-0.39297701496994636,0.11269378573591302,-0.28028324246406555
303539.0360161874,3900205.962204041,-0.1836842640089397,0.028099061405048583,-0.15558519959449768
303541.3236290093,3900205.4694066187,0.19683287174910347,0.04702758666325674,0.24386046826839447
303545.0098079228,3900204.651166947,0.3274775819027868,-0.25905608185090473,0.06842149049043655
303548.97239438107,3900203.7671720744,-0.06789562884664398,-0.3384323248774146,-0.4063279330730438
303551.51034763665,3900203.190959043,-0.5577278478572653,-0.21642302822746365,-0.7741509079933167
303554.05278666416,3900202.636265834,-0.6226175798192953,-0.18208313159731382,-0.8047006726264954
303555.8080675339,3900202.262376946,-0.47171041980168166,0.14467621322556384,-0.32703420519828796
303557.7296498484,3900201.87954148,0.09121855040748222,0.5603408754624711,0.6515594124794006
303559.50557373767,3900201.5148030305,0.5331080041071312,0.4948882932241497,1.027996301651001
303562.253526879,3900200.9276743615,0.3436222281099929,0.24143219276028846,0.5850543975830078
303564.69613918674,3900200.3933091373,0.1279725987441142,-0.21759033690508792,-0.08961773663759232
303566.821725187,3900199.90477588,-0.431849782651031,-0.44039917845990356,-0.8722489476203918
303569.1219720029,3900199.402203639,-0.45332451105135935,-0.5182266227312601,-0.9715511202812195
303570.9374622023,3900199.020306844,-0.25442500015022457,-0.21575927257835592,-0.4701842665672302
303573.22952043463,3900198.5446627494,-0.04454537985901907,-0.056083677120859786,-0.100629061460495
303575.20181756245,3900198.1394031188,0.0176930580961759,-0.037818907511759356,-0.020125851035118103
303577.3388224755,3900197.6965154954,-0.06587181844916408,-0.024009704085494972,-0.0898815169930458
303579.48268904013,3900197.2519120374,-0.08560606924064904,0.09497832942173624,0.009372265078127384
303581.6359634692,3900196.8117230968,0.32226849544359426,0.5811767410515652,0.9034452438354492
303584.11338103027,3900196.2870215415,0.46870652394905116,0.33148957098822884,0.8001960515975952
303586.2579759396,3900195.82213285,0.47936908957367574,0.033905029024463545,0.5132741332054138
303588.0750836688,3900195.425144423,0.5232161826416603,-0.1433944721989154,0.3798217177391052
303590.2298080737,3900194.9429186396,1.1362251270417758,0.5247955571655198,1.6610206365585327
303592.40245344,3900194.4254685137,1.4093276796837968,-0.005798339935623229,1.403529405593872
303594.40518958826,3900193.915686871,1.8625612104809774,0.2852325417211406,2.147793769836426
303596.8858996433,3900193.2358107516,1.5035670013136362,1.1059951366621223,2.6095621585845947
303599.04479736567,3900192.5951476046,1.2506869312567304,0.47917176113968585,1.7298587560653687
303601.0330841263,3900191.970708891,0.18344021814824396,-0.6002807801600909,-0.4168405532836914
303603.8538248235,3900191.0923716347,-1.40639325966163,-0.6101837006829632,-2.0165770053863525
303605.6941548891,3900190.5587689816,-2.3914703557958434,-2.410659772268994,-4.802130222320557
303608.06673267944,3900189.943862437,-2.207324827234303,-0.05394744874655235,-2.2612721920013428
303610.62150513125,3900189.3570487667,-3.292068577345871,-2.0507583218808048,-5.342826843261719
303612.4936004657,3900188.9979532124,-3.4808780578934724,-0.29444884146944145,-3.77532696723938
303614.87162384205,3900188.657396397,-2.5298294978127918,-0.717086780003388,-3.2469162940979004
303616.88099608687,3900188.419639872,-2.585260538352265,-2.3089142861847223,-4.894174575805664
303619.04296340805,3900188.2245984124,-2.519941091441906,-0.888725271699283,-3.4086663722991943
303620.8793732185,3900188.1130568916,-1.4950149641425454,-0.24993132264573795,-1.7449462413787842
303623.38909400266,3900187.9862798583,0.3423435419921725,0.7024383721112378,1.0447819232940674
303625.89439617255,3900187.8492151927,1.4510918318591919,1.6881714332100368,3.139263153076172
303628.3836515384,3900187.615587438,-0.3562423899837666,-0.6911544727155536,-1.0473968982696533
303630.5585745568,3900187.427161582,-0.7481053370670604,-0.6082840009592005,-1.3563892841339111
303632.5587827716,3900187.2800817313,-0.36830373032564223,-0.4301681420526063,-0.7984718680381775
303634.7941624976,3900187.1068917587,-0.2577087469958404,-0.42644499526386176,-0.6841537356376648
303636.85740572243,3900186.9720236384,-0.3935496569627432,-0.2426986592427969,-0.6362483501434326
303639.12961732387,3900186.832432055,-0.6515950842598977,-0.7286758501167543,-1.3802709579467773
303640.7786818805,3900186.7202777863,-0.9021010766108423,-0.4501800627122147,-1.3522812128067017
303642.9116764205,3900186.627904113,-0.14446140911225222,-0.03953552281420066,-0.18399693071842194
303645.51814614993,3900186.4904423854,-0.4400909394931803,0.03226470973649606,-0.4078262448310852
303647.524199697,3900186.406471825,-0.0937912705584358,0.25591278077009727,0.1621215045452118
303649.98072476353,3900186.37187159,1.1238382588168403,0.12269591742452234,1.2465341091156006
303651.6174245891,3900186.305964455,1.2461115582864681,-0.6326446710468443,0.6134669184684753
303653.97313538764,3900186.1702608084,0.26526483052815214,-1.0396270422707548,-0.7743622660636902
303655.8108038133,3900186.06475737,-0.6616622494879675,-1.3240280084604463,-1.9856902360916138
303658.2664316967,3900185.9825532166,-0.1041159552625563,-0.38399504940711515,-0.4881110191345215
303660.6534854441,3900185.9368553916,0.9447771657621397,-0.1293106087901359,0.8154665231704712
303662.9617048814,3900185.852042996,0.9420964232346155,-0.5569152687894453,0.385181188583374
303664.79604130634,3900185.733099144,-0.3180633400706878,-0.6340865880136575,-0.9521499276161194
303666.8748293392,3900185.6561069502,-0.23056883024623606,-0.46005251418808635,-0.6906213164329529
303668.80611606385,3900185.6038657394,1.06614397106286,0.37010956830917013,1.436253547668457
303671.5425411528,3900185.4891492943,1.708745030207173,-0.18889617859333543,1.5198488235473633
303673.65431202715,3900185.364391744,1.1114474418887907,-0.14364624204306708,0.9678012728691101
303676.3212581281,3900185.0161490575,-2.119669807964356,-0.1783065839350389,-2.29797625541687
303678.5643403219,3900184.9000857524,-1.5260781308792346,0.9299469040833379,-0.5961312055587769
303680.9356689368,3900184.750738812,0.2534498038832201,1.443061877272784,1.6965116262435913
303683.0702902487,3900184.7081171153,-0.2607587999862213,0.9359283355272708,0.6751695275306702
303685.92145158583,3900184.4335896317,-1.8041306496788108,-0.5106125092714298,-2.3147432804107666
303688.29326950107,3900184.3031012234,-2.3497340579856574,-2.452026386090353,-4.801760673522949
303690.2775429031,3900184.3015756845,-2.0065708399322304,-0.49556731007718413,-2.502138137817383
303692.44706894655,3900184.291469207,-4.998021234121272,-4.988281384364834,-9.986302375793457
303694.60663040157,3900184.361498123,-8.337910740610754,-3.399368287885833,-11.737278938293457
303697.047672602,3900184.6738191824,-8.477239769489843,-6.1249998858524375,-14.602239608764648
303699.0974477771,3900185.0989288925,-8.266080202430668,-1.701927220755031,-9.96800708770752
303701.19224555825,3900185.779616186,-10.808299663397863,-1.3920746218403446,-12.200374603271484
303703.3388657518,3900186.7070602574,-8.312791012390738,-4.187095498967285,-12.499886512756348
303704.8544342049,3900187.520550069,-7.731070630969922,-0.8130073420252554,-8.54407787322998
303706.7059053107,3900188.6929508783,-8.362638586727138,-2.124927559521385,-10.487565994262695
303708.46200372814,3900189.970932471,-7.649585620398025,-6.9252624150515665,-14.574848175048828
303709.74075619923,3900191.0705069993,-8.905421767237003,-3.892105178243134,-12.797526359558105
303711.1499585208,3900192.504159343,-9.574064843582695,-8.090423958677219,-17.664487838745117
303712.53969533223,3900194.23759105,-6.304431943556435,-6.649982312724781,-12.954414367675781
303713.6277210732,3900195.865199315,-6.7816167066170285,-2.5934907028587184,-9.375107765197754
303714.7326499333,3900197.8739644173,-7.231729161128631,-4.142755618422854,-11.37448501586914
303715.5325096662,3900199.669078443,-6.3072831206480915,-0.9806270144465383,-7.287910461425781
303716.3297866955,3900201.7772015,-0.9538824482560014,2.820108482113514,1.8662259578704834
303717.03992939694,3900203.7123059686,1.5912219138618775,3.3338776593594,4.9250993728637695
303717.81062585337,3900205.619807923,1.8729960319854644,2.8454284202535742,4.718424320220947
303718.6157922005,3900207.497301119,0.499548136424538,0.38268661461380815,0.8822347521781921
303719.379359687,3900209.216866045,0.1989165730338466,-0.18777656117798225,0.011140010319650173
303720.48785009957,3900211.626569003,-0.2791905190287503,-0.24724196234047188,-0.5264325141906738
303721.21155394695,3900213.220783555,-0.1269159071145324,-0.08098030361493806,-0.20789621770381927
303722.0024786808,3900214.9839941454,-0.07693202247942374,0.27055169043043287,0.19361965358257294
303722.7074917385,3900216.562087101,0.11918190515846978,0.2853698658760549,0.40455177426338196
303723.56772424234,3900218.4911792087,0.20671941049013826,0.3389186823710871,0.5456380844116211
303724.6538484746,3900220.914101046,0.2529642734827674,0.11317634126881707,0.3661406338214874
303725.5296154591,3900222.841931444,0.06497568295582386,-0.07138824341068735,-0.006412561051547527
303726.32528475905,3900224.600698947,0.11116445035185163,-0.04831695495681523,0.06284749507904053
303727.3747700205,3900226.916303835,0.15136218135042617,-0.05082702613142178,0.10053516179323196
303728.6162028429,3900229.641841912,0.006523047852708709,-0.14265251621989633,-0.1361294686794281
303729.61847746314,3900231.8218142465,-0.16788219447729205,-0.38683317977024056,-0.5547153949737549
303730.50415512954,3900233.7627277337,-0.40408682458307454,-0.156673427162478,-0.5607602596282959
303731.58414412366,3900236.1823125593,-0.21911001397477609,-0.2560043213132313,-0.4751143455505371
303732.705529824,3900238.7021610136,-0.48904970878340526,-0.07937431536569915,-0.5684240460395813
303733.5376624825,3900240.59846682,-0.5882537775270505,0.30950927518718735,-0.27874451875686646
303734.4199161341,3900242.6428759894,0.0030487616994291393,0.4024467520890517,0.4054954946041107
303735.5029385231,3900245.144852479,0.5985763277970554,0.8153686664873757,1.413944959640503
303736.4969434476,3900247.3543039914,0.7385415247643088,0.35242652871312447,1.0909680128097534
303737.2424303452,3900248.988233799,0.4885599095147213,-0.0306968678269674,0.45786306262016296
303738.20521975774,3900251.0592412613,-0.10539227349252972,-0.21842766206843595,-0.32381993532180786
303739.0840059784,3900252.9246959565,-0.277051335797214,-0.1736278509927273,-0.4506791830062866
303739.7956785391,3900254.4796823403,-0.2439229706515217,-0.25128172574984353,-0.4952046871185303
303740.7781565435,3900256.5527648255,-0.31163143630665147,-0.051843643760482644,-0.36347508430480957
303741.5596685121,3900258.2767681936,0.09638919704227361,0.24435996935627027,0.34074917435646057
303742.5026468949,3900260.313478603,0.06697153226638902,0.23731422902100546,0.30428576469421387
303743.35828633024,3900262.1753433403,-0.050290476085498935,0.07479858220967985,0.02450810931622982
303744.21783695737,3900264.0380496155,-0.09902621035085388,0.09634780903075024,-0.00267839920707047
303744.9915899249,3900265.719374257,0.01883061809831359,0.027961730580027693,0.046792350709438324
303745.86059184384,3900267.498477903,-0.6613429381442694,-0.0014362335148782194,-0.6627791523933411
303746.51118002826,3900268.8901334293,-1.1982862535529215,-0.35836409753598114,-1.5566502809524536
303747.3313625818,3900270.876847721,0.7596694343012739,0.18644332692829427,0.9461127519607544
303748.37328214466,3900273.195383756,0.22421280561501028,-0.43505095357679846,-0.2108381688594818
303749.44773138966,3900275.5105576203,-0.3548694952801676,-0.3146419489050404,-0.6695114374160767
303750.34421148687,3900277.5596558563,-0.10283509468998059,-0.39711189409959574,-0.4999469816684723
303751.2282377974,3900279.543137829,-0.1347998797476444,-0.0934867868617347,-0.22828666865825653
303752.1068803327,3900281.56402488,0.08164908852443074,0.250511168353675,0.33216026425361633
303752.7965883451,3900283.126270729,0.09506003155761855,0.23004912221950685,0.22532667219638824
303753.56311815715,3900284.8830478983,0.10987413823820763,0.12860106952924794,0.23847521841526031
303754.35260873067,3900286.6265666913,-0.11049401125591934,0.13100242797124953,0.020508412271738052
303755.0677260761,3900288.2281123684,-0.17726814171714575,0.103790280637151,-0.0734778642654419
303755.8541060423,3900290.0026353314,0.02781553518332033,0.25267791246572935,0.28049343824386597
303756.62112591893,3900291.751438866,0.2679120891204874,0.16753959112130717,0.4354516863822937
303757.7081886432,3900294.1847912264,0.1041372395727531,-0.056373593304721706,0.047763641923666
303758.461253865,3900295.8778694314,0.6393502626253572,-0.1272296956099563,0.5121205449104309
303759.3379356612,3900297.8186112684,0.3861534692261185,-0.5145625997675185,-0.12840913236141205
303760.1890662024,3900299.658746812,-0.21676747253287326,-0.42055510436306287,-0.6373226046562195
303760.87727117294,3900301.1827325374,-0.2950184418936235,-0.4644756486450514,-0.7594940662384033
303761.66241952905,3900302.919401425,0.06019166905075883,-0.22596360187878142,-0.16577193140983582
303762.56499312207,3900304.8701425544,-0.2727104304145536,-0.15365028138216724,-0.42636072635650635
303763.467049824,3900306.9128146837,-0.24981011346839668,-0.0290069596313979,-0.2788170576095581
303764.31683683617,3900308.8706350294,0.2843896270084523,0.10595321611833024,0.3903428614139557
303765.397023159,3900311.342287796,0.6898239198487234,0.22374344355298348,0.9135673642158508
303766.2337428294,3900313.2243007463,0.5746958520245752,-0.12519646035183457,0.4494993984699249
303767.25654833927,3900315.5248414758,0.34183277190830247,-0.4549598611099014,-0.11312708258628845
303768.05385195743,3900317.2965794676,0.29328450765936587,-0.48386954390647946,-0.19058504700660706
303768.9091537624,3900319.190662836,0.05925673354726045,-0.5295467541460571,-0.47029000520706177
303769.88164422003,3900321.3560687345,-0.07140385146015789,-0.31361197772254357,-0.3850158452987671
303770.8656343601,3900323.4659621767,-0.8186440623595143,-0.3587703603894647,-1.1774144172668457
303771.7247544445,3900325.3917852603,-0.6681852935887412,-0.0893020620253788,-0.7574873566627502
303772.63503693324,3900327.49343533,-0.2605446362031444,0.18089675975499434,-0.07964788377285004
303773.52690748486,3900329.5727841477,0.013302014355881334,0.15941429403099686,0.17271630465984344
303774.4658610288,3900331.766860969,0.1524048390756977,-0.13743782687115028,0.014967013150453568
303775.48528427375,3900334.1046297327,-0.026992819220977793,-0.19442939221319946,-0.2214222103357315
303776.20753197535,3900335.7066611047,-0.1762500566646304,-0.2991714370328293,-0.4754214882850647
303776.8914251621,3900337.4597985484,1.2578636458054155,-0.11868667642300419,1.1391769647598267
303777.878761954,3900339.5891008,0.9788725096034914,0.7449836738121002,1.7238562107086182
303778.7362032885,3900341.4101550686,2.5547908510214263,6.161550362535292,8.716341018676758
303779.5799226653,3900343.1932460014,5.845751870504698,3.7922742795605817,9.229568481445312
303780.5557031812,3900344.9568003933,12.507200790185461,11.022756504278862,23.529956817626953
303781.62554268877,3900346.430802609,17.61207307679559,17.185555083884974,34.79762649536133
303783.1707851116,3900347.8498432804,13.494750521520924,13.550910898197708,27.04566192626953
303784.79809264524,3900348.8284019493,14.076868761460894,5.452720587547361,19.52958869934082
303787.15938069543,3900349.694902096,11.9326196639946,3.2404099356623606,15.173028945922852
303789.5968618031,3900350.093280198,15.954046363322286,9.157997040102197,25.112043380737305
303791.8832834435,3900350.010657203,18.05203288199279,5.07071664500501,23.12274932861328
303793.5986510686,3900349.602075506,9.589581325829672,4.911597996779455,14.501179695129395
303795.68393197126,3900348.7720064675,5.424708274213846,-0.09095764251727302,5.3337507247924805
303797.4531702828,3900347.9120709435,-0.0029087286474673286,-3.6169966844192447,-3.619905471801758
303800.19872272946,3900346.6183285564,-1.2988116970966996,-1.5542907608545011,-2.853102445602417
303802.10370603786,3900345.8248215434,0.458707874056093,-0.05081939552945841,0.4078884720802307
303804.0131137399,3900345.029398783,1.564118762739915,0.35095977226929065,1.9150785207748413
303805.7819327733,3900344.1668325285,0.21728994198373958,-0.3406982401345663,-0.12340830266475677
303807.47996591276,3900343.447154468,0.9502351272392145,-0.3079376113065704,0.6422974467277527
303809.3034792206,3900342.579358028,0.24497148473039798,-0.3654479908810629,-0.12047650665044785
303811.1317588065,3900341.707107388,-0.4127900597308311,-0.3040390140335211,-0.7168290615081787
303813.27123252535,3900340.711645991,-0.4349856665732867,-0.3969726489539774,-0.8319583535194397
303815.13898354676,3900339.8739774097,0.0896964320787743,0.0032272339504696105,0.09292367100715637
303817.05957689346,3900339.000093507,0.15040342022611208,0.06534576715104748,0.21574917435646057
303818.540434429,3900338.358263215,0.6920656092786628,-0.09162139816638075,0.6004441976547241
303820.5732706663,3900337.426893182,0.5988300052916979,-0.07759857290320162,0.5212314128875732
303822.36885511695,3900336.6129704425,0.7914320550976546,-0.41699980413708615,0.374432235956192
303824.20198061806,3900335.758174826,0.7401281563641615,-0.3296890157291371,0.410439133644104
303826.1251146535,3900334.849706572,0.28793617605455496,-0.42729185867966396,-0.13935568928718567
303827.7125086402,3900334.0945870657,-0.23547962953776946,-0.4788665904220038,-0.7143462300300598
303829.8623591403,3900333.100958395,-0.07737808585905714,-0.16545104733916421,-0.2428291290998459
303831.8677949378,3900332.179431074,0.25855635746358313,-0.0718841524970273,0.18667221069335938
303833.8874989769,3900331.2450852604,0.26476067719004054,-0.13333892629656247,0.1314217448234558
303835.94483960705,3900330.300320552,0.15143822056579548,-0.189445501893419,-0.03800727799534798
303837.87720966234,3900329.4338559876,0.4918707903540321,-0.2016525307038995,0.2902182638645172
303839.6443539575,3900328.6227366272,0.5426753382261736,-0.33828734344011047,0.20438799262046814
303841.67110606073,3900327.6792181088,0.20645962317783978,-0.4580002024250562,-0.25154057145118713
303843.4132012933,3900326.8671988947,-0.0305644128498794,-0.7714843809049265,-0.8020488023757935
303845.43347315467,3900325.937045173,-0.317245558319711,-0.3288268911094081,-0.6460724472999573
303847.9884591189,3900324.7788690287,-1.0272949222808851,-1.1752319105048954,-2.202526807785034
303851.0753972988,3900323.4473900907,0.09737787359473957,-0.00463867186512225,0.09273920208215714
303854.6455449774,3900321.9002922024,0.5327185232418817,-0.14294433338414247,0.3897741734981537
303857.98769075493,3900320.432307894,0.22809187281590151,-0.29872131155826953,-0.07062944024801254
303860.58154412167,3900319.290321303,0.437904185061292,-0.14622497196007744,0.2916792035102844
303862.2764504734,3900318.530794163,0.4858487513010494,-0.24935150361822733,0.23649722337722778
303864.26572125114,3900317.637475519,0.25335796985539516,-0.3533019935460761,-0.09994402527809143
303866.4031782592,3900316.6883493904,0.4204046534383375,-0.13339995777205624,0.287004679441452
303867.9796671402,3900315.9866609164,0.3917243689483366,-0.2338562056298485,0.1578681766986847
303869.86231440504,3900315.15022226,0.49542008748405864,-0.12366485713152534,0.3717552423477173
303871.60701177345,3900314.376788033,0.6823943815790421,-0.24040985217975505,0.44198450446128845
303873.34837189165,3900313.584927765,0.5585940545822404,-0.4481964263668549,0.11039764434099197
303875.06824772945,3900312.78928215,0.21989437849163007,-0.3576126166447211,-0.13771823048591614
303877.2291734918,3900311.8029129603,0.18864807730782002,-0.2937469594909433,-0.10509886592626572
303879.0942717281,3900310.951450515,0.14424780561813066,-0.06454468067691886,0.07970312982797623
303880.9752508138,3900310.1001676377,0.1665247210601785,-0.06532287534515736,0.10120183974504471
303882.8738133671,3900309.2493412313,0.19780407929235433,-0.20113372981166944,-0.0033296493347734213
303884.76321565406,3900308.4185203863,0.7248326947698585,-0.262428274310187,0.46240440011024475
303886.7727483947,3900307.482715016,0.23296089055962146,-0.8997497839890654,-0.6667888760566711
303888.90997761907,3900306.5067997486,0.0966766252763695,-0.598434441289219,-0.501757800579071
303890.6223704977,3900305.740950339,0.36220856022377274,-0.3416900583072462,0.02051849476993084
303892.4720736117,3900304.8995548636,0.32121595262032476,-0.3062362538730025,0.01497967354953289
303893.9019742557,3900304.2524376023,0.31140758752877484,-0.21309661937996166,0.09831095486879349
303896.61950411176,3900303.0213725204,0.3631901064322712,-0.24452210630777876,0.11866801232099533
303898.05943695316,3900302.377951149,0.5350626655093713,-0.1574325519959147,0.3776300847530365
303899.6488699756,3900301.6536642998,0.4057172921235771,-0.2610549794001913,0.1446622908115387
303901.53072208655,3900300.8137939973,0.7645900519897391,-0.0826492309901616,0.6819407939910889
303903.97555802396,3900299.678598648,0.9352175689667663,0.05152893145529307,0.9867465496063232
303905.9933696613,3900298.724855332,0.6368401681053776,-0.43956757624802806,0.19727259874343872
303908.1999833667,3900297.6616243827,0.32861731635967983,-0.19747924510038203,0.13113807141780853
303910.2897187533,3900296.658314962,0.3122700856744741,0.015388489571211453,0.3276585638523102
303912.2569852435,3900295.7154180715,0.41215898760411895,-0.057258603060234205,0.3549003601074219
303914.6407686721,3900294.5720748506,-0.041439224601930155,-0.6827316221693114,-0.7241708636283875
303916.4007616394,3900293.7436058363,-0.7844577382639839,-0.5054931757667994,-1.2899508476257324
303918.13762577745,3900292.9355855775,-1.9731660922489904,-2.4212721786919014,-4.39443826675415
303919.885156834,3900292.1873998423,-3.5286010165111747,-5.354797446077358,-8.883398056030273
303921.8047677793,3900291.4575188276,-6.812121612110775,-3.6632844495375982,-10.4754056930542
303924.19701252587,3900290.7407127833,-11.693247146795041,-7.361602646875484,-19.05484962463379
303927.05471369205,3900290.390664519,-17.23343300241947,-9.079521581633337,-26.31295394897461
303929.7421908014,3900290.839294702,-20.10325480296351,-8.061340159417657,-28.164594650268555
303931.47176214727,3900291.6794296387,-20.79582744706634,-13.414043298740761,-34.209869384765625
303932.6838773813,3900292.6092375387,-20.612889367884012,-17.347640595531253,-37.96052932739258
303933.63650200923,3900293.6212505368,-17.065516216769293,-8.33312619309716,-25.39864158630371
303934.71151484153,3900295.200474302,-6.218318199161383,-0.8589038653702139,-7.077221870422363
303935.60558383196,3900296.9713287847,-3.1744399132335577,-1.6228237050476455,-4.7972636222839355
303936.62677845324,3900299.2751008426,-1.7977898862515118,-0.2722187101551656,-2.0700087547302246
303937.44438400504,3900301.1846218896,0.46207110189208955,0.5116004854627015,0.9736716151237488
303938.37592368125,3900303.3754575495,1.2255341193079237,0.3072738556574627,1.5328080654144287
303939.3282866152,3900305.526488606,0.6013454358969667,-0.5425872928189039,0.05875813588500023
303940.4416401144,3900308.023016974,-0.049843578942539116,-0.9290446787826616,-0.9788883328437805
303941.2367460409,3900309.8983764057,0.6767317812311312,-0.654830939740044,0.021900855004787445
303942.03208456695,3900311.75810288,0.2030089502441685,-0.5993137214231523,-0.39630478620529175
303942.75486519083,3900313.45621743,-0.7315031749071693,-0.5114994200073265,-1.2430025339126587
303943.58238447655,3900315.445765849,0.3045780653694233,-0.12089729649634791,0.18368075788021088
303944.5574185491,3900317.780110033,0.7805182665776204,-0.10652351690370647,0.6739947199821472
303945.4826998523,3900319.994381345,0.6821340873386411,-0.5905857001592281,0.09154840558767319
303946.4320130172,3900321.9868589337,-1.2303495093944885,-0.7037029176030423,-1.9340523481369019
303947.4178791557,3900324.3430874227,-0.2655565543109057,0.06828689730046522,-0.19726966321468353
303948.21277733264,3900326.2305234666,0.00647034900789916,0.26190565811697525,0.26837602257728577
303948.93356137513,3900328.0047867056,0.46276052411143775,0.33171272607501784,0.7944732308387756
303949.7016197411,3900329.8877858366,0.5035956638380052,-0.01136207554645908,0.4922335743904114
303950.3734247781,3900331.4891471565,0.5459790687111971,-0.31428528496431873,0.23169377446174622
303951.16903369996,3900333.3848620947,0.5909228340277917,-0.4463767946028548,0.1445460468530655
303952.22526170244,3900335.883925055,0.42774121042185675,-0.6153583693920412,-0.18761715292930603
303952.95438832755,3900337.644152931,0.6646441073083541,-0.5576705916621135,0.10697349160909653
303953.6784670048,3900339.4065647824,0.8487704259628538,-0.6635456207907456,0.18522480130195618
303954.4107843189,3900341.144862674,0.81560686933468,-0.6776866736936108,0.13792017102241516
303955.2050886518,3900343.029841203,0.7292238127150891,-0.9085255098554739,-0.1793016493320465
303956.310864992,3900345.490205851,-0.6391551219863358,-0.8978424536633393,-1.5369975566864014
303957.2904165123,3900347.8364199195,-0.14959128138532848,-0.15154266109511583,-0.3011339604854584
303958.1283810232,3900349.9036847237,0.3775955623612099,0.33377648374099306,0.7113720178604126
303959.15022568183,3900352.411684292,0.6046151221578459,0.03550529432222993,0.6401203870773315
303960.0684796,3900354.6300156037,0.8314123006000597,-0.16875267007049846,0.6626595854759216
303961.06314776884,3900357.011314746,0.9473956895351934,-0.40522383763647013,0.542171835899353
303961.73553325573,3900358.6255815667,1.1839296228043776,-0.34298133758634886,0.8409482836723328
303962.6970550177,3900360.814437059,0.6688032122652158,-0.803749073966156,-0.13494586944580078
303963.450323949,3900362.5611603856,0.7436136872749837,-0.6375064850754241,0.1061071828007698
303964.1443853596,3900364.1802752884,0.7243411345930291,-0.684022901448414,0.040318239480257034
303964.862634797,3900365.8153902795,0.6763608165818349,-0.47117232896113154,0.20518848299980164
303965.67884403793,3900367.6282882756,0.16159667287294815,-0.5787944991351118,-0.4171977937221527
303966.7799301119,3900370.1577798864,0.6829268161691857,-0.2790470050149007,0.4038797914981842
303967.6382133767,3900372.063239715,0.7269155289407421,-0.2205295594040148,0.5063859820365906
303968.5069950033,3900374.02323802,0.7083954176453997,-0.49597167862039004,0.21242375671863556
303969.2980786493,3900375.772749783,0.5039758065539988,-0.580360426724043,-0.07638461142778397
303970.0949368739,3900377.5683356933,0.05366097100264858,-0.5516681894029946,-0.498007208108902
303970.86258875544,3900379.4137904304,0.5384040153956827,-0.402360921157177,0.13604311645030975
303971.8107395451,3900381.484996025,0.15498590353002206,-0.6211261973418525,-0.4661402702331543
303972.5566421929,3900383.109449043,-0.5249401650768537,-0.4556674793800853,-0.9806076288223267
303973.4172757928,3900385.0153106786,-1.1045008193377706,-0.7078342215555479,-1.8123351335525513
303974.42020614166,3900387.3603700395,-0.7779802643315789,0.18790436042065553,-0.5900759100914001
303975.44872334745,3900389.860099336,0.07365037004728384,-0.036108018495843885,0.03754235431551933
303976.2969904486,3900391.922393544,0.3896176824762108,-0.06432724187149577,0.3252904415130615
303977.5986090577,3900395.009278475,-0.046193039599312334,-0.2739849010249957,-0.32017794251441956
303979.7395375249,3900400.2498513274,0.6464210558810543,0.14793777529659038,0.7943588495254517
303980.9452878452,3900403.1746403407,0.7852417159146544,-0.16794014436353139,0.6173015832901001
303981.71959456697,3900405.016863872,0.6520203702574366,-0.5177040065380484,0.1343163549900055
303982.7353026081,3900407.4055971033,0.6495774570512464,-0.47111320513612864,0.17846427857875824
303983.5344700129,3900409.25172772,0.4080013233902852,-0.49009894323379555,-0.08209763467311859
303984.3930539059,3900411.2742845984,0.44007039556481736,-0.4235172186678799,0.01655317284166813
303985.1555150489,3900413.0265497398,0.3195503202777672,-0.39941214706558265,-0.0798618271946907
303985.85657069215,3900414.6583737927,0.32414983903396255,-0.27107238563294056,0.05307745561003685
303986.82502417825,3900416.8971193014,0.17582626477097224,-0.2718486793207949,-0.09602241218090057
303987.7353863964,3900419.00410159,-0.17175922062556023,-0.1322422006870994,-0.30400142073631287
303988.63474685245,3900421.1081810053,-0.07214120506561515,0.08217811469009599,-0.0380612351000309
303989.3818640075,3900422.820153347,-0.44092323539614336,0.0807418806541157,-0.3601813316345215
303990.4192551511,3900425.3751082313,0.8790597002500686,0.21492576271598957,1.0939854383468628
303991.4206955715,3900427.7126215636,1.0457408086298565,-0.00643730154781161,1.0393035411834717
303992.2553224141,3900429.6826922754,1.2419826022114895,-0.41171454506039207,0.8302680850028992
303993.1757256887,3900431.776924055,1.0080381644113863,-0.8737945315344879,0.13424357771873474
303994.0583600468,3900433.7252352647,0.46736850056281626,-1.0003032953414641,-0.5329347848892212
303994.7760889207,3900435.3428431056,0.19648876094902443,-0.948995554626563,-0.7525068521499634
303995.6682774585,3900437.3688549334,0.07725671659915719,-0.5327529943528492,-0.45549628138542175
303996.3374375073,3900438.936757427,0.22686198519804965,-0.7481575239811875,-0.5212954878807068
303997.0284677044,3900440.51825658,-0.053392699314740465,-0.5506343762390896,-0.6040270924568176
303998.13623325934,3900443.0880004414,-0.13090248309378522,-0.426988608952686,-0.5578910708427429
303998.9477047804,3900444.959712499,-0.46455867813214935,-0.30002785204129895,-0.7645865082740784
304000.0238554779,3900447.583643083,0.188928381868055,0.10155296012704208,0.2904813587665558
304000.7095673813,3900449.2153088995,0.20548857571714757,-0.10054588075043544,0.1049426943063736
304001.5341124145,3900451.1803472918,-0.07695989018484592,-0.11754036524099241,-0.19450025260448456
304002.21559565235,3900452.819420699,-0.0952240961699377,-0.24230194798198082,-0.3375260531902313
304003.00938774634,3900454.7287212135,0.04094712748151859,-0.10975837853796781,-0.06881124526262283
304003.80357526615,3900456.64568965,-0.13261172459336767,-0.060976026897506204,-0.1935877650976181
304004.5771651168,3900458.5813742573,0.4336087964861473,-0.029220579800786,0.4043882191181183
304005.484548728,3900460.846158391,1.0763906422000542,-0.2622280110292881,0.8141626119613647
304006.3472046173,3900462.951380912,1.1997722465842222,-0.30712508559960333,0.8926471471786499
304007.29825665685,3900465.1955627226,1.0951944731502166,-0.7216911279167699,0.37350332736968994
304008.3332987324,3900467.5335661294,0.7264273304976449,-0.8597736472723327,-0.1333463191986084
304009.160594498,3900469.4238750143,0.4719430197594323,-0.5259551952205411,-0.05401216447353363
304009.85824679025,3900471.0163987908,0.21369029888901062,-0.5135116577698356,-0.2998213469982147
304010.80102621124,3900473.1942916843,-0.5840090284012992,-0.3367996161810906,-0.9208086133003235
304011.4854133269,3900474.8283312474,-0.3914029765313758,-0.09667014860284988,-0.4880731403827667
304012.12723524345,3900476.4459214136,0.7732275732471607,0.1952934244834193,0.968520998954773
304013.21876431385,3900478.9850330013,0.6226300662588719,0.03895187514549514,0.6615819334983826
304014.0344597133,3900480.915222072,0.8248327473560747,-0.24576949628537878,0.5790632367134094
304014.66183814406,3900482.3868084266,1.073194647277017,-0.18222045575222812,0.890974223613739
304015.62604495673,3900484.5632889243,0.43863162688832474,-0.6292190643738185,-0.19058741629123688
304016.4104867367,3900486.3273200053,0.046329636712605975,-1.3767585629568257,-1.330428957939148
304017.24281621387,3900488.2698444407,-0.016881236085456334,-1.0864791517692802,-1.1033604145050049
304018.18350582535,3900490.5236580567,0.6844781762452777,-0.8093814720713307,-0.12490329891443253
304018.89775190223,3900492.151653738,0.2122165788538746,-0.7629756727463831,-0.5507591366767883
304019.6741853178,3900493.9042443554,-0.678992787289817,-0.8834209361176805,-1.5624136924743652
304020.73097998794,3900496.4103550552,-0.3850201380715724,-0.0962753316523114,-0.48129546642303467
304021.5688199387,3900498.453522386,-0.13405305459079905,0.12934874845973954,-0.004704297985881567
304022.22591373307,3900500.049122189,0.124895571842597,0.1716632778120627,0.29655885696411133
304023.1243748069,3900502.236899821,0.36152610159572685,0.1807346361436991,0.5422607660293579
304023.9848942716,3900504.2976445872,0.2327668704985108,-0.5895366791522493,-0.35676977038383484
304024.6660739512,3900505.917294107,-0.4223211351503343,-0.739461892754968,-1.1617830991744995
304025.47897499125,3900507.9899834013,-0.5656271750757965,-2.718580281422213,-3.284207344055176
304026.2121750396,3900509.9051908324,-2.1555041820014162,-1.874076909421619,-4.029581069946289
304026.88893137954,3900511.799541475,-5.575135933607384,-6.341622323587154,-11.91675853729248
304027.53474334953,3900514.2504833816,-9.903183485155283,-13.399238009941111,-23.30242156982422
304027.80403413693,3900516.1361814304,-15.54145854122391,-8.864642976571089,-24.40610122680664
304027.7852001244,3900517.8879185137,-19.19834353039603,-10.004424817901443,-29.202768325805664
304027.22921593173,3900520.3431629543,-16.06470225806566,-15.410187428018144,-31.474889755249023
304026.5213669072,3900521.858604961,-16.054378427135187,-6.850585822421701,-22.904964447021484
304025.2260519442,3900523.718873514,-10.7176502465071,-4.781524727999378,-15.499175071716309
304023.71278869896,3900525.2055896698,-12.589881937635758,-9.150482124467892,-21.74036407470703
304021.71639881394,3900526.6044197734,-13.667647368849687,-11.506653208859463,-25.174299240112305
304020.28901643434,3900527.3117824174,-10.753550574558332,1.778808577104635,-8.97474193572998
304018.1876432471,3900528.1174224634,-1.2522906383295083,2.2570191492012,1.0047284364700317
304016.22770038695,3900528.802445845,2.6212750586286844,4.080688408774479,6.701963424682617
304014.2999218401,3900529.555210765,3.0609121373876023,1.2345275574541263,4.295439720153809
304011.9822279331,3900530.5600603316,0.9679915913688378,0.0617980975270341,1.029789686203003
304009.9949023208,3900531.458982954,0.265826453504827,-0.5600891189585328,-0.2942626476287842
304008.3286769666,3900532.2071102876,0.3529572557559756,-0.3453064033489299,0.007650862913578749
304006.6921620164,3900532.9513304825,0.4050876073790401,-0.10678100302922405,0.29830658435821533
304004.9407161466,3900533.7503924505,0.38474853133035863,-0.17327880431375584,0.21146972477436066
304003.2138555275,3900534.53840855,0.25143065589026153,-0.06719970994345636,0.1842309534549713
304001.34148100286,3900535.3936953535,0.2120467312591234,-0.10485839815935802,0.10718833655118942
303999.1697020596,3900536.3850710583,0.544591313010068,0.008239746114600993,0.5528310537338257
303997.2450968296,3900537.2743390556,0.584402724773927,-0.20281982604131055,0.3815828859806061
303995.31752786326,3900538.180382631,0.36540239403226776,-0.1969299351405117,0.16847246885299683
303993.5288833631,3900539.0262236125,0.056522957002069454,-0.2695922889758841,-0.21306933462619781
303991.7354486772,3900539.8649574076,0.037643270264469536,-0.2062683111800133,-0.16862504184246063
303989.94071016985,3900540.70159038,0.19586652004346566,-0.13775635114226822,0.05811017379164696
303988.434732677,3900541.4121881016,0.16079063050960732,-0.2388610801050282,-0.07807045429944992
303986.6682961182,3900542.2428734093,0.028175450801014964,-0.22842407080557273,-0.2002486288547516
303985.03766678006,3900543.0152426558,-0.6537424317019261,-0.12890625358714322,-0.7826486825942993
303982.9948704932,3900543.9441724126,-1.1293629213600285,-0.9505004373997873,-2.0798633098602295
303980.5139193252,3900545.0263022836,-0.4661186826664097,-0.2100524894442516,-0.6761711835861206
303978.85856050637,3900545.73557742,0.14075765899353349,0.054138183780156945,0.19489584863185883
303976.92255200335,3900546.5667894464,0.5644236210388462,0.3292846738663577,0.8937082886695862
303975.12349119683,3900547.3525924706,0.5379542901275197,0.029052733238018227,0.5670070052146912
303973.32379898056,3900548.15327318,0.5990700224080004,0.0697937010643935,0.6688637137413025
303970.6964350963,3900549.342963425,0.6434176402760998,0.2767333851552647,0.9201510548591614
303968.2276641067,3900550.4790084073,0.4740250001566697,-0.1186828611220225,0.35534214973449707
303965.6180264753,3900551.6760275774,0.4127854706974825,-0.11898803183970455,0.29379743337631226
303962.99903375865,3900552.882736187,0.21879111617768787,-0.5267334098990994,-0.30794230103492737
303960.92825255095,3900553.846539415,-0.13247985658566147,-0.4417724733698993,-0.5742523074150085
303958.99267676374,3900554.737154307,-0.44286503683283684,-0.6398315241575787,-1.082696557044983
303956.7736017548,3900555.7364253225,-1.066130203962814,-0.9937743815468724,-2.0599045753479004
303955.0963242478,3900556.4649232756,-0.822412512512363,-0.537841805449626,-1.3602542877197266
303953.4194556668,3900557.183731704,-0.04636963400690088,0.5226440475769658,0.47627440094947815
303951.4689807695,3900558.0198224513,0.31385903847142765,0.46051024358418297,0.7743692994117737
303949.1033447655,3900559.0473939097,1.558827714010682,1.848358258988759,3.4071857929229736
303947.02639762615,3900560.0028404216,3.2891296750120618,4.885711579825107,8.174840927124023
303944.3104921321,3900561.3983359397,5.055814452896512,1.963104156384504,7.018918991088867
303942.2055168502,3900562.662734578,4.5716868025446,1.9099731820480326,6.481659889221191
303940.41562445404,3900563.8907634676,4.218973272484203,2.4749145634424776,6.693887710571289
303938.65722292446,3900565.2269247873,1.2127832233445677,-0.8776550291585732,0.33512818813323975
303936.652996897,3900566.785087989,-0.6449416795955119,-1.5500793089009537,-2.195020914077759
303934.99930843955,3900568.0464678486,-2.6692323781122824,-4.356292518200017,-7.025525093078613
303932.9290236041,3900569.496635719,-5.474407718822621,-2.3043517198191537,-7.778759479522705
303930.79386833275,3900570.7754405434,-4.9495909240376506,-2.3072203992705593,-7.256811141967773
303929.01578375575,3900571.674523422,-4.457640999538782,-2.5428162487459245,-7.000457286834717
303927.0647984721,3900572.5328216446,-2.528405403370844,1.1563720506591977,-1.3720332384109497
303924.9612911005,3900573.4162549363,-0.13720989598802755,1.078338633495683,0.9411287307739258
303923.13409744017,3900574.192034569,0.39123969232153016,0.9498595735565697,1.3410992622375488
303921.1788763404,3900575.0310863005,0.3190787704207719,0.2444763226959985,0.5635550618171692
303919.3831334545,3900575.8232480465,0.39824381119154023,0.28723143927042716,0.68547523021698
303917.3136549299,3900576.7449826472,0.44067729522517,0.3357849062025206,0.776462197303772
303915.2577099626,3900577.6725649154,0.1570745540338708,-0.006652831868980531,0.15042172372341156
303913.19392054714,3900578.613613313,-0.003499362210644073,-0.053344727907991704,-0.056844089180231094
303911.2593795002,3900579.4916241514,0.039794039471189695,0.038146973370384835,0.07794101536273956
303909.45129590505,3900580.3142425017,-0.01935092976969113,-0.0012207030894888819,-0.02057163417339325
303907.22856589104,3900581.3084797827,0.18162865721324353,0.06225586027366379,0.24388451874256134
303905.2893305609,3900582.189944735,-0.028405682870918606,0.07705688687518804,0.04865119978785515
303903.7903877533,3900582.8673674655,-0.04699296213983727,-0.0040893556520269604,-0.051082320511341095
303901.9233451043,3900583.731276586,-0.30395419695785136,0.13320923274361157,-0.17074497044086456
303900.32103414874,3900584.4522632924,0.271853721921393,0.31011961662255144,0.5819733738899231
303898.86008013063,3900585.117657267,0.2856660186095984,0.1920471236163195,0.47771313786506653
303897.70177871815,3900585.6525291814,0.6779317600909379,0.0346679691588819,0.7125997543334961
303896.40388975537,3900586.24924752,0.6497281480998098,-0.01965332072044291,0.6300748586654663
303894.96047098364,3900586.936596841,0.30824678408821926,-0.2115783697130883,0.09666840732097626
303893.1660462669,3900587.792517146,0.03546524700213544,-0.1884460397785625,-0.15298080444335938
303891.3967244035,3900588.6194176693,0.1802943290660713,-0.0924377458444361,0.08785657584667206
303889.68939796236,3900589.411312595,0.4821488164833123,-0.007415771169635563,0.47473302483558655
303887.96101335087,3900590.2315483373,0.06251464039986397,-0.4385681274733848,-0.37605348229408264
303886.3418414355,3900590.9972785288,-0.17032812257167065,-0.40994261789887626,-0.5802707672119141
303884.2746022834,3900591.9598676576,-0.09710407238845065,-0.4649352990318521,-0.5620393753051758
303882.6007061335,3900592.732599805,0.07117166504901712,-0.31527710313699864,-0.24410544335842133
303880.339674412,3900593.8027265337,-0.14047927542400257,-0.4348754764120673,-0.5753547549247742
303878.2150511314,3900594.7897424353,-0.32166735875535385,-0.27749633862989626,-0.5991637110710144
303876.0774106885,3900595.7653201944,0.0020598737879599354,0.1284484841704069,0.13050836324691772
303874.2015390498,3900596.623037419,0.018126164793716773,0.10043334938179552,0.11855951696634293
303872.4045351075,3900597.4532317673,-0.1316962124403215,-0.006317138743444983,-0.1380133479833603
303871.1779904248,3900598.0176666165,-0.19539509024838936,0.011627197276519993,-0.1837678998708725
303869.41874388035,3900598.813823128,-0.1345853824592369,0.07308960084425521,-0.06149577721953392
303866.998698983,3900599.9133365625,-0.1742391395832302,-0.055236817040110846,-0.2294759601354599
303864.99414081266,3900600.8154733474,-0.1415748004142756,-0.055419921471752065,-0.19699472188949585
303863.3802557775,3900601.5381196905,-0.05532364181787067,-0.023620605083849073,-0.07894424349069595
303861.073446619,3900602.57023421,-0.04633644022134954,-0.11468505268323619,-0.16102150082588196
303858.8787828454,3900603.5521622347,0.044455223363006884,-0.12280273251179634,-0.07834751158952713
303857.21518319345,3900604.301321469,-0.25983731141765143,-0.08816528242571463,-0.3480025827884674
303855.5365694534,3900605.057127818,-0.1984893260249638,-0.09997558663516581,-0.29846489429473877
303853.72820527805,3900605.869625146,-0.14575030049318802,0.032684326143415494,-0.11306598037481308
303851.9298651532,3900606.663322426,0.13757361690154393,0.33551025789269207,0.47308385372161865
303849.7629119769,3900607.619863761,0.3854225322632214,0.14739989789945188,0.5328224301338196
303848.0177912626,3900608.41042816,0.3694964521094557,0.19778442915827732,0.5672808885574341
303846.27058340993,3900609.203266364,0.25310848118770457,-0.05816650462163683,0.19494196772575378
303844.5098964659,3900610.01135408,0.0023264698200227856,-0.10214233074722014,-0.09981586784124374
303842.4703773652,3900610.943680872,-0.053767459254698634,0.044189452965078015,-0.009578006342053413
303840.69810006383,3900611.7642760375,-0.16221184346549888,0.05746460263281885,-0.1047472357749939
303838.9141455522,3900612.5877346206,-0.13114694250109085,0.2191467262415649,0.08799979090690613
303837.4021698797,3900613.288949552,-0.16102827306795617,0.19424439013622732,0.03321611136198044
303835.62368910643,3900614.108428715,-0.2189898720144926,0.2549438544033075,0.03595397621393204
303833.29933344864,3900615.160091626,0.20997376884602456,0.23214721759431725,0.4421209692955017
303831.11902176973,3900616.16676933,0.29169288681976774,-0.04888916005762901,0.24280372262001038
303829.081249114,3900617.115228099,-0.018178188290231923,-0.09317016357100098,-0.11134835332632065
303827.44184656476,3900617.876475653,-0.07768280967959623,0.039581299755874294,-0.03810150921344757
303825.5144845434,3900618.770037683,-0.018499280552395247,0.058563229222666144,0.040063951164484024
303823.5831774322,3900619.671582673,-0.19089487603942365,-0.019287110189633822,-0.21018198132514954
303822.1852573089,3900620.318892772,-0.15291395497312812,0.006988525411397743,-0.14592543244361877
303820.5098201708,3900621.0919773835,-0.09594284684805592,0.07910156136614821,-0.016841284930706024
303819.1085161218,3900621.7342474433,-0.017893781614430972,-0.007507324219219497,-0.025401104241609573
303817.1597834255,3900622.6224765778,0.15678106934297184,-0.03781128024484929,0.11896979063749313
303815.36808194226,3900623.451889023,0.11369949107055773,-0.14416504293529714,-0.030465543270111084
303813.8682461404,3900624.1469171573,-0.02416362013060496,-0.19210815509181325,-0.21627177298069
303811.567797301,3900625.221732555,-0.18274093751132423,-0.12875366822830217,-0.3114945888519287
303810.08499876386,3900625.909933519,-0.2382756581879641,-0.16018677241786944,-0.3984624147415161
303808.6002121788,3900626.595801498,-0.2426621337389932,-0.03256225652232135,-0.27522438764572144
303806.9730812401,3900627.3382371273,-0.31289064571316677,-0.3130493142092374,-0.6259399652481079
303805.4796533133,3900628.0204056203,-0.5010523788675275,-0.20733642203211372,-0.7083888053894043
303803.56369906245,3900628.8732623886,-0.2141129435243316,0.11352538794778852,-0.10058755427598953
303801.3551109721,3900629.8544012154,-0.2823623148050014,-0.15527343848582373,-0.43763574957847595
303798.73898954,3900631.0153447744,-0.22386860143343867,-0.011169433696126975,-0.23503802716732025
303796.1333023278,3900632.158207083,0.14589261388784758,0.061706543643686836,0.20759916305541992
303793.96264720254,3900633.114528222,0.12612971498846692,0.049591065381500286,0.17572078108787537
303791.9266063452,3900634.0103154806,0.2194670381012547,-0.05154418932416651,0.16792283952236176
303789.75534602243,3900634.969382112,0.2800959193001737,-0.030609129244601824,0.2494867891073227
303788.13447307877,3900635.6998102944,0.13991138254711302,-0.13201904560031041,0.007892335765063763
303786.36496314034,3900636.483921554,0.28294797684590356,-0.060028078016009095,0.22291989624500275
303784.4652936346,3900637.35537722,-0.024850407657841644,-0.17031859765942967,-0.19516901671886444
303782.43225650094,3900638.286306516,-0.01436290231628499,-0.04507446272059052,-0.05943736433982849
303780.7318249723,3900639.0518563124,-0.03962866084786812,0.05285644608856182,0.013227785006165504
303779.0391916147,3900639.8252223507,-0.10352892584979884,0.018707276154383334,-0.0848216563463211
303777.3066212507,3900640.6132098786,-0.6953524243733198,-0.4703369114482744,-1.1656893491744995
303775.4104175734,3900641.440048334,-0.4990694895741082,-0.01586914078867796,-0.5149385929107666
303773.66503489326,3900642.2075152975,-0.5745519378043289,-0.2380676309029696,-0.8126195669174194
303771.500827624,3900643.1410105047,-0.6775988417297526,-0.2548828095876005,-0.9324816465377808
303769.06863100803,3900644.1655642055,-0.2956215262529945,0.20483398479452383,-0.09078752994537354
303766.51800514024,3900645.2402170515,-0.10211705104316315,0.12304687175398463,0.020929822698235512
303764.8377962561,3900645.952025022,-0.2853948921160606,-0.1318664602414694,-0.41726136207580566
303762.76204306027,3900646.8229066906,-0.6112373107232906,-0.25570678119751267,-0.8669440746307373
303761.1214568644,3900647.4911271078,-0.20186146512339315,0.024505614839361575,-0.17735585570335388
303759.3665835239,3900648.2000914747,0.9897838435242925,1.7471008112650257,2.736884593963623
303758.038329992,3900648.761390755,1.7383995771492526,2.220733555792096,3.9591331481933594
303756.7134782423,3900649.3524785223,1.9256514544009737,1.7402648591229009,3.6659164428710938
303754.9683037099,3900650.1748427227,1.6199541718225938,0.8504333635823403,2.4703874588012695
303753.33280679013,3900650.9877289576,0.9047417984986984,-0.11862182964652873,0.7861199378967285
303751.802296941,3900651.7561737574,-0.13689413314104668,-0.6733398452562794,-0.810234010219574
303749.5332408246,3900652.8789644856,-0.6031431096700023,-0.76086423715835,-1.3640073537826538
303747.6383476699,3900653.7854196387,-0.45788126108396277,-0.01776122992079711,-0.47564250230789185
303745.7302035877,3900654.6902285293,-0.5008132688857242,-0.21343994310746056,-0.7142531871795654
303743.96254069335,3900655.5057205544,-0.39650763580146114,0.05770874187500714,-0.3387989103794098
303742.2035559329,3900656.312629087,-0.2743356419110464,-0.2529602180579477,-0.5272958278656006
303740.28424574726,3900657.197008292,-0.4062797955543247,-0.06793212767002123,-0.4742119312286377
303738.35114510194,3900658.0786235225,-0.4018031935227631,-0.12356567264621471,-0.525368869304657
303736.2583423506,3900659.024747198,-0.5581484914606029,0.062286376011410675,-0.49586212635040283
303734.29955770867,3900659.884679186,-0.21811164575740385,0.03326415851113933,-0.18484748899936676
303731.1330366704,3900661.2723996886,0.2332869253707838,0.1148986828577842,0.34818559885025024
303728.22140690405,3900662.565898429,0.037572954000572784,-0.1531677258492632,-0.1155947670340538
303725.8128481675,3900663.6546519245,-0.1620722247939103,-0.25665284243883874,-0.41872504353523254
303723.9501687917,3900664.4867069176,-0.4840492098981626,-0.0867004403024783,-0.5707496404647827
303722.0395328928,3900665.3242233125,-0.2571002998707539,0.10861206068584943,-0.14848822355270386
303720.0939191311,3900666.174799771,-0.18209439073727376,0.06332397779587082,-0.11877042055130005
303717.9734709484,3900667.108258322,-0.15104905986566342,0.1015930207873498,-0.04945603385567665
303715.77194085665,3900668.079051267,-0.08091282881645774,0.016418457418654914,-0.06449437141418457
303713.4781429725,3900669.100463821,-0.19943930928897735,0.48428346404235284,0.28484413027763367
303711.65651987644,3900669.8859189725,0.43920013341502256,0.3675842392656901,0.8067843914031982
303709.9631924241,3900670.6467380263,0.5738304457123935,0.7377929787199576,1.311623454093933
303707.45526081097,3900671.780030756,0.1156041800340657,-0.0012207030894888819,0.11438348144292831
303705.2450344603,3900672.796925235,-0.2970697931613016,-0.34884644237097995,-0.645916223526001
303702.9167091727,3900673.8497474664,-0.34605593656905953,-0.5936279091042341,-0.9396838545799255
303701.0852627938,3900674.6778826877,-0.3487092516181979,-0.24508666413136262,-0.593795895576477
303698.5442775802,3900675.792613581,0.2832904734801827,-0.0050964354455152695,0.27819404006004333
303696.49318708363,3900676.687277634,0.4241549609012034,-0.20367432005907618,0.22048063576221466
303694.4543757018,3900677.5688545904,0.514069118599985,-0.3426818764799261,0.17138724029064178
303692.7146927897,3900678.3296698453,0.252736182517086,-0.4988098356639419,-0.2460736483335495
303690.5334613256,3900679.2824053345,0.06121621076647397,-0.5601196413663863,-0.49890342354774475
303687.64036850154,3900680.5468680784,0.3495959755911095,-0.2823181053383815,0.06727787107229233
303685.61080080806,3900681.4219349083,0.39928264027561683,-0.3971557567206719,0.002126870211213827
303683.8878766869,3900682.165590299,0.7340270898880477,-0.2954406863225478,0.43858641386032104
303682.01551198505,3900683.010713277,0.8159276214214061,0.1578369205391206,0.9737645387649536
303679.6015736722,3900684.1425746097,-0.7170305376644411,-0.523986820079108,-1.2410173416137695
303676.88526699063,3900685.3855301593,-1.0151606643335345,0.20895385618429768,-0.8062068223953247
303674.8228434874,3900686.303286032,-0.6130867445236302,0.6285095251129306,0.015422774478793144
303672.46358895896,3900687.3379565408,-0.4924112824329622,0.5722045938856659,0.07979332655668259
303670.7149523062,3900688.0774298282,0.08686084969637442,0.41571044584868755,0.5025712847709656
303668.262046535,3900689.1328670625,0.40092498060588755,0.09960937777188339,0.5005343556404114
303665.98337693553,3900690.1373625663,0.26473650472368104,-0.07238769218533063,0.19234879314899445
303663.6921292059,3900691.151858881,0.0806914146274943,-0.13327026421910534,-0.052578847855329514
303661.52497907315,3900692.1124370494,-0.016398485451933908,0.06173705938143372,0.045338574796915054
303659.1974057333,3900693.1346773966,0.2406316732452218,0.09396362611327283,0.33459529280662537
303656.8391205777,3900694.1695304355,0.5292080194519068,0.19345092759395546,0.7226589322090149
303654.7750874766,3900695.101319297,0.3792809115389105,-0.006256103516016248,0.3730248212814331
303652.8684041994,3900695.978133407,-0.04549478615881076,-0.15014648771944325,-0.19564126431941986
303651.2485744095,3900696.7141637933,0.00717981614825939,-0.13284301721022254,-0.12566320598125458
303649.31590026396,3900697.5950628268,0.1453872332501195,-0.03442382658164031,0.11096341162919998
303647.2110054962,3900698.5633373405,0.08003172107331287,-0.03988647380860965,0.04014524817466736
303644.7937194151,3900699.694592476,0.879687490684328,-1.0695495674160518,-0.18986205756664276
303642.96765751357,3900700.5315260952,-0.1741250407395366,0.09375000260883143,-0.08037504553794861
303640.23284697265,3900701.77248111,-0.4801171553703508,-0.7463073964897604,-1.2264244556427002
303638.58381396346,3900702.4794367775,0.05556318202155044,-0.3184509266256596,-0.26288774609565735
303636.9545329461,3900703.179446642,0.278092699521803,-0.21951294177495395,0.058579761534929276
