303645.7121731419,3900689.43500333,0.7548109286455733,-0.9300689937147519,-0.17525804042816162
303647.3687869541,3900688.705908385,0.7472424387149645,-0.8543319608553895,-0.1070895567536354
303649.03253832157,3900687.9721510257,0.9954415880345903,-0.750152579549066,0.24528901278972626
303650.53692620166,3900687.313491664,1.0257741379734995,-0.8245773089532867,0.2011968046426773
303652.02542739466,3900686.659483741,1.2367123642148843,-0.8959502778198342,0.34076207876205444
303653.6292852074,3900685.9391616364,0.990122471496737,-1.0473785599267786,-0.057256069034338
303654.93075899326,3900685.3614217076,1.108044300134832,-0.954841662947565,0.15320266783237457
303656.3594242183,3900684.723992431,1.0097745265644504,-0.9602508526050978,0.04952371492981911
303657.92811521277,3900684.023765201,0.9102294286099805,-1.0223693953939539,-0.11214000731706619
303659.50241537124,3900683.3263248755,1.4320802137478728,-0.9847030365554492,0.44737720489501953
303661.6385929432,3900682.372743999,1.495324350367606,-1.022491485025368,0.47283291816711426
303664.33878209395,3900681.133794845,1.16999102097738,-1.470001210576372,-0.30001014471054077
303666.5315035626,3900680.1066071675,0.5726580010526784,-1.61625669160409,-1.0435986518859863
303668.4956843309,3900679.2313783034,0.7131085149769729,-1.2385330365155158,-0.5254244804382324
303671.5547196119,3900677.9023134904,1.600591012412431,-0.7793274124236581,0.8212636709213257
303673.2234749771,3900677.158868671,1.3607668489540043,-1.0481720358092639,0.31259486079216003
303676.38772058033,3900675.730481629,0.9466899388948606,-1.1766967726384516,-0.2300068438053131
303679.71157589136,3900674.2431383873,0.770419618446345,-1.1260223185256575,-0.3556027114391327
303682.1236219822,3900673.179226185,0.9686576415346199,-1.199043230612029,-0.23038561642169952
303684.8157562041,3900671.9833552055,1.0750210825497608,-1.1585616598967157,-0.08354061841964722
303687.79830015823,3900670.658756763,0.9072671542226048,-1.0695037838042714,-0.16223660111427307
303689.89702586795,3900669.73965051,0.9882530273765634,-1.0053787662250182,-0.017125742509961128
303692.1266020312,3900668.768868427,1.3599777486614564,-0.9474639914268934,0.41251376271247864
303693.7386777105,3900668.0519800414,1.0265554475815255,-1.0630951453720954,-0.03653964027762413
303695.7811598574,3900667.145234801,0.5564614880964626,-0.9814376725236542,-0.4249761700630188
303698.1286016698,3900666.0940181944,0.6096157811256472,-0.7859115547009917,-0.17629577219486237
303701.1076452711,3900664.7825148394,1.195806361275678,-0.634544370770607,0.5612619519233704
303702.98627571686,3900663.938710249,1.1483978048032077,-0.8238067782375448,0.3245910704135895
303704.86228951847,3900663.0908109443,1.134408937052787,-1.0224227562468446,0.11198612302541733
303707.08163305966,3900662.0810385677,0.725175218084564,-0.9204406681408553,-0.19526544213294983
303709.00931582134,3900661.2179043964,0.9239983429247858,-0.91867068865047,0.00532767828553915
303711.294225476,3900660.181719222,0.9843981326420317,-0.8742294224855474,0.11016871780157089
303713.46423185454,3900659.213953895,1.2061470542356656,-0.9976196713278838,0.20852741599082947
303716.30407904007,3900657.9489303604,1.19557381467878,-1.2299041597162625,-0.034330397844314575
303718.326376225,3900657.039844415,0.8180874019421582,-1.1600342059930882,-0.3388317823410034
303720.05519428186,3900656.2722203378,1.434110167313542,-1.093879661734989,0.3402304947376251
303722.5097154352,3900655.1532492884,1.4573457238179848,-1.1136093034828056,0.3437364101409912
303724.579396478,3900654.176381702,0.7197291027168309,-1.2175369282851907,-0.4978078305721283
303726.57903849176,3900653.2558964193,0.8311949084853829,-1.0229568983842807,-0.19176194071769714
303728.7318399919,3900652.258836169,0.7385084943963693,-0.8721847413244805,-0.13367623090744019
303730.5679965905,3900651.432357669,0.87009310261287,-0.8406448487280658,0.029448263347148895
303732.3915339124,3900650.613500173,0.8787684033541382,-0.9232025191647735,-0.04443413391709328
303734.8148394387,3900649.52353851,0.9293687926031199,-1.093734733658538,-0.1643659621477127
303736.91728589643,3900648.567323501,0.8514674969113626,-1.0613022207149672,-0.20983466506004333
303739.30494745466,3900647.4829889545,0.6083372017295325,-1.1478347410835048,-0.5394976139068604
303741.0898956492,3900646.689104454,0.601690520532611,-0.9408340121769267,-0.3391435444355011
303743.01226635504,3900645.8535677763,1.0535073740463958,-0.9201736504329902,0.13333375751972198
303744.93494881503,3900645.008171623,1.1929391759281534,-0.8657378965216348,0.327201247215271
303746.5647433823,3900644.2835107963,1.052859253127185,-1.0121612507925468,0.04069804400205612
303748.8108436662,3900643.2722136932,1.0236504827501545,-0.8273086375693515,0.19634182751178741
303751.2314001558,3900642.1810017372,1.0801654956552498,-0.9314728110326012,0.14869274199008942
303753.51179014065,3900641.144706728,0.9077662916405447,-0.8947677479589228,0.012998533435165882
303755.813717118,3900640.0921410588,0.897792294461622,-0.8770370571212457,0.02075526863336563
303757.8048350703,3900639.1877535735,1.0628652668178422,-0.888099669059992,0.17476557195186615
303760.732495214,3900637.850083478,0.8775195993139365,-0.867874144906262,0.009645460173487663
303762.76918731787,3900636.9221950825,0.7948640650730272,-0.9246139137237331,-0.12974989414215088
303764.7981464162,3900635.999630518,1.1045638918658873,-0.806465141378294,0.29809877276420593
303766.6557588993,3900635.1508629257,1.219337750348547,-1.0118103498239372,0.20752739906311035
303768.6532623598,3900634.235796479,1.1665981245071761,-1.1283264401534792,0.03827175870537758
303770.4821434663,3900633.3918421715,1.1680014082164965,-1.2678908971155232,-0.09988956898450851
303772.9159691598,3900632.266728645,1.0366824836865387,-1.216796919977302,-0.18011438846588135
303775.0826363738,3900631.265469088,0.4816872984666604,-1.2120742710530614,-0.7303870320320129
303777.39396987506,3900630.2240000246,0.9240242762992906,-1.0826339687099746,-0.15860973298549652
303779.66191226355,3900629.1987384767,0.7082313863836136,-0.9750366113325887,-0.2668052315711975
303781.8882328641,3900628.1824992234,0.5863580265064018,-0.9227523670097874,-0.336394339799881
303784.5923871028,3900626.966675258,0.887268573776219,-0.8557510393771655,0.03151751309633255
303786.81733486615,3900625.994689425,1.2406005561216198,-0.9126892572065372,0.3279113471508026
303788.5594281634,3900625.2181392405,1.2117014921347669,-1.1809540082037793,0.004655653610825539
303790.9315798891,3900624.150870402,0.38117236701090157,-1.2300720329594568,-0.8488996624946594
303794.5648393688,3900622.529824265,0.7148867120387035,-0.8084640389275805,-0.0935773253440857
303798.00091919047,3900621.0172104756,0.873991806607625,-0.8480987729075182,0.02589302510023117
303801.1349210206,3900619.62282625,0.3634217725750963,-0.7910766718174023,-0.427654892206192
303803.5162372895,3900618.5902500767,0.8789876097378133,-0.587013244419047,0.29197439551353455
303805.5862000205,3900617.699145494,1.3863990548051812,-0.6886977924093176,0.6977012157440186
303808.42029413336,3900616.4540372775,1.3970189317474933,-1.1255111215549645,0.27150776982307434
303810.5983589608,3900615.470375569,1.3988793045226755,-1.297973611541198,0.10090571641921997
303813.09892662335,3900614.3384852177,1.3044293142456236,-1.2591858210183418,0.04524355009198189
303815.14133192354,3900613.3897223733,0.9734843441219975,-1.262817347222673,-0.2893330156803131
303817.46155545843,3900612.303836354,0.6618327374129533,-1.0250396791943115,-0.3632069230079651
303819.95588312356,3900611.162752389,0.6967991971777461,-0.8962783403434064,-0.19947920739650726
303821.9591106485,3900610.242984906,0.38515772903075113,-0.726844772449809,-0.34168705344200134
303824.29863045143,3900609.1918053897,0.9095363778526357,-0.5312576098114395,0.37827879190444946
303826.50636517524,3900608.202656097,1.4979630445430523,-0.6457443335446941,0.8522186875343323
303828.37922869413,3900607.346647942,1.6930616352123542,-0.9056624866544749,0.7873991131782532
303830.55296026694,3900606.3648212096,1.4661743836504608,-1.312217757611848,0.15395666658878326
303833.19724282424,3900605.12786669,1.2613033931044573,-1.3688049143900516,-0.10750152915716171
303835.3698925293,3900604.116380187,1.0252031768475687,-1.2396393137176462,-0.2144361436367035
303837.5327754528,3900603.126072285,0.9144206034394295,-1.1936493021584231,-0.27922865748405457
303840.00215423247,3900601.9651707355,0.4021307224378064,-1.2878799793300943,-0.8857492208480835
303842.34627982473,3900600.8674020106,0.4597736503708794,-1.0490341337485665,-0.589260458946228
303844.0911676496,3900600.076334215,0.6166225947187283,-1.2101516795234086,-0.5935291051864624
303846.46882818465,3900599.0158225456,0.342924855123564,-0.8648529067764421,-0.521928071975708
303848.83038917463,3900597.9919429054,1.1513772613852142,-1.0556716902396437,0.09570559859275818
303851.15873944235,3900596.9626590386,1.0190134246339504,-1.1046828865678338,-0.08566948771476746
303853.80126220314,3900595.789555336,1.0480468512483823,-1.160819997912757,-0.11277313530445099
303855.85104653356,3900594.879063649,1.032880416196369,-1.071807905432093,-0.03892746567726135
303858.54003748146,3900593.6952745933,0.9195328933114784,-1.053771937155028,-0.1342390924692154
303860.2880179265,3900592.92213842,1.0230384337674978,-0.9722213994557798,0.050817105919122696
303862.19012874376,3900592.083028426,1.135647762613498,-0.9770812924936555,0.1585664600133896
303864.0736935772,3900591.244048638,1.2050492080482917,-0.9865417448243579,0.21850745379924774
303866.0836640571,3900590.346697456,1.1484654663646732,-1.1042785180246277,0.04418690502643585
303869.03299204155,3900589.0216148808,0.7689385879743629,-1.045028654687177,-0.2760900855064392
303871.21972174116,3900588.0414879397,0.7568241802642874,-0.4973831265402026,0.259441077709198
303873.71081796463,3900586.9531273,2.7510130078091954,2.908149620514978,5.659162998199463
303875.92327229097,3900585.9188976972,8.43180022848904,11.685104707530739,20.116905212402344
303878.06755624566,3900584.647871872,14.111443179039497,3.663711336360724,17.77515411376953
303879.4407432457,3900583.511385799,17.485564312988615,14.066040350305483,31.551603317260742
303880.687732268,3900581.9782395405,21.827184304190972,25.665526929042823,47.49271011352539
303881.7382255199,3900579.506505088,21.77153021528642,3.6686094357692696,25.440139770507812
303881.86140365474,3900576.9129862254,24.381311346202438,12.37055944074477,36.75187301635742
303880.5440558507,3900573.2587871947,1.999563279287209,-9.06225571718519,-7.062692642211914
303878.612935736,3900570.4887847686,-7.853320771829396,-11.462295399068461,-19.315616607666016
303876.90046706074,3900567.5943526183,-7.971728931280737,-2.31048587002406,-10.282215118408203
303875.95320724964,3900564.926567653,-0.793001771307141,4.612701234736881,3.81969952583313
303875.2260111134,3900562.531598438,6.0822305219302875,6.834457184470363,12.916687965393066
303874.2645565008,3900560.101041128,3.190666521710804,-0.07739258000072358,3.113273859024048
303873.3979756385,3900558.2847515065,0.5571160123180202,-2.62333670854097,-2.066220760345459
303872.2987173692,3900556.0171309933,-0.9390838829238167,-2.7910157182306676,-3.7300994396209717
303871.21550111147,3900553.57915071,0.863324545227946,-0.8199920642252397,0.04333249852061272
303870.4894915335,3900551.8051279383,1.5251988507453011,-0.549240110513908,0.9759587049484253
303869.64587192854,3900549.8857323835,1.585036217073079,-0.8511200110373381,0.7339162230491638
303868.7276744833,3900547.8336837143,1.4071970875495758,-1.185348487882742,0.22184856235980988
303867.5397146087,3900545.192164695,1.1473255718252215,-1.1378021536881082,0.009523474611341953
303866.63298558537,3900543.164040723,1.080191749194872,-1.1282806565416987,-0.048088934272527695
303865.86567984364,3900541.4654943356,0.9758288065546044,-1.127166695376752,-0.15133793652057648
303864.8786475612,3900539.277932751,0.5630861846219931,-1.0778045980799527,-0.5147183537483215
303863.7047172808,3900536.6360362447,0.37640529517662935,-0.6806030043866476,-0.3041977286338806
303862.6853317915,3900534.2504296317,1.4332063411872786,-0.4392089913166024,0.99399733543396
303861.9125778718,3900532.496557104,1.747780841974265,-0.6742400962053988,1.0735408067703247
303860.88812788564,3900530.2813591114,1.044136034340021,-1.1615600062206455,-0.11742403358221054
303859.9698281233,3900528.3002464916,0.8931667089287896,-1.1675110219784306,-0.2743442952632904
303858.9773846818,3900526.1322693303,0.7155968382689731,-0.9776763727250929,-0.26207953691482544
303858.1339989678,3900524.266658542,0.9499333182552646,-0.8564300562302,0.09350330382585526
303857.14326682244,3900522.0907582324,0.9287511940917625,-0.7386474460572968,0.19010376930236816
303856.31724019564,3900520.2369084246,1.2133247292797027,-0.6952972492514309,0.5180274844169617
303855.3375326372,3900518.088545448,1.1256922282896755,-0.9617462371465074,0.1639460027217865
303854.22175093857,3900515.6525296527,1.0228364095784535,-1.0477294608953882,-0.024893051013350487
303853.17225710343,3900513.3782507954,0.48168697830154306,-0.9933776969664828,-0.5116906762123108
303852.1552722611,3900511.1268020254,0.33329202055759816,-0.7807922211963614,-0.44750022888183594
303851.16198469047,3900508.8773049517,0.7421191565072203,-0.60470583560776,0.13741332292556763
303850.50296495826,3900507.401355718,0.753569755207335,-0.6791381956139443,0.07443158328533173
303849.41615134245,3900504.9660537853,0.9153567662425445,-0.7770690744076169,0.13828764855861664
303848.362170515,3900502.598452755,1.2831037561095513,-0.835617082446996,0.44748663902282715
303847.3721584119,3900500.4344025655,1.2221580848672333,-1.0133056276436412,0.2088523954153061
303846.2626058742,3900498.0253397264,0.797353135416968,-1.1820373402391668,-0.3846842348575592
303845.1978330392,3900495.700794566,0.8148428486429906,-0.9524078744472191,-0.1375649869441986
303843.87767851667,3900492.814702906,0.5700421986831222,-0.990219161362175,-0.4201768934726715
303842.78861432616,3900490.4410842345,0.26030005673391976,-0.9838409386161467,-0.7235409021377563
303841.6669196307,3900487.906745454,0.5564142637416543,-0.5892944208801254,-0.032880183309316635
303840.81544733705,3900485.91993795,1.1351538545591415,-0.5384979304967704,0.5966559648513794
303839.78549004276,3900483.6317932378,0.864907174763832,-0.8953704587923236,-0.03046329692006111
303838.9284490794,3900481.704227926,0.9573415121837897,-0.9235077432433084,0.033833831548690796
303837.4876384435,3900478.543155667,0.5578738965116272,-0.9354553449272475,-0.3775814175605774
303836.14254349575,3900475.552693211,0.5778401936420141,-0.7154693591914172,-0.1376291662454605
303834.96176721517,3900472.8245618083,0.8425783258717083,-0.5888672138918823,0.25371113419532776
303833.706445729,3900469.969153161,1.0008768177883336,-0.63401796595684,0.3668588399887085
303831.46850534604,3900465.040625385,0.932470979146775,-0.6204071064882971,0.31206390261650085
303830.2432579126,3900462.341396126,0.73961034264771,-0.5841979791813853,0.15541233122348785
303828.64020757744,3900458.8440924115,0.30960647198072777,-0.695846545871088,-0.3862400949001312
303827.6043146567,3900456.5245004836,1.25344899572406,-0.640975954369526,0.6124730706214905
303826.6001450482,3900454.3409157973,1.2043755806413994,-0.7902679347309904,0.41410765051841736
303825.8633483206,3900452.7858048314,0.394801529251986,-0.991271970989709,-0.5964704155921936
303824.97546879493,3900450.845551084,0.1758265315752367,-0.672134423589478,-0.4963078796863556
303824.28677181783,3900449.3138536145,0.31169007988397834,-0.5301819083780154,-0.218491792678833
303823.54327198444,3900447.627411905,0.5347595225040991,-0.4431457415994685,0.09161376953125
303822.57092096005,3900445.453292933,0.6781901333406347,-0.574234013842806,0.10395610332489014
303821.59653081594,3900443.2943753474,0.774246498733109,-0.8444976623893348,-0.07025118172168732
303820.0069357669,3900439.828903196,0.5187011074351644,-1.0870666547596073,-0.5683655142784119
303818.8387001073,3900437.253695851,0.5952304422382483,-0.8573913519950264,-0.26216089725494385
303817.8050034914,3900434.9768314306,0.14979387920354134,-0.9275817376398094,-0.7777879238128662
303816.7198022856,3900432.533746705,0.13174470411538597,-0.8270721422693397,-0.6953274607658386
303815.7989971613,3900430.362321645,1.6879235186875063,-0.5201415836589496,1.1677818298339844
303814.99363906425,3900428.537695246,1.4295718267751856,-0.9169006024383789,0.512671172618866
303814.13864824,3900426.6679813447,0.6286014658624612,-1.1436767567045538,-0.5150752663612366
303813.07878462493,3900424.306156514,0.13361526881347033,-1.0787811016878528,-0.9451658725738525
303811.8022183627,3900421.4421311487,-0.018166800750719712,-0.6815033086966198,-0.6996700763702393
303810.8389139001,3900419.19226006,0.7525284181631726,-0.32325745881064455,0.4292709529399872
303809.88025604835,3900416.9063885645,1.343216998046774,-0.44490051324678,0.898316502571106
303809.0245972683,3900414.9256340684,1.369060512875398,-0.7236480838356844,0.6454125046730042
303808.07547270646,3900412.8325844076,0.46544254729943135,-1.1130523229003322,-0.6476098299026489
303807.3550979059,3900411.209204187,0.10172607607403282,-0.8299712907677457,-0.7282452583312988
303806.5557900929,3900409.341636198,0.980879624724123,-0.34393310843893427,0.6369465589523315
303805.70700386004,3900407.3742446913,1.0823416579578393,-0.6209258807001007,0.46141570806503296
303804.8752503585,3900405.5628591157,0.7737828996431945,-0.3862304689368398,0.3875524401664734
303803.7443099399,3900403.064155667,0.7445166062667476,-0.44746399530007686,0.29705262184143066
303802.75427127385,3900400.8303692644,1.5741656508438862,-0.18545532405659607,1.388710379600525
303801.8483235943,3900398.874189265,1.1457790675867425,-0.8558960208144696,0.2898830771446228
303800.88725912286,3900396.837923681,1.0235636112816484,-0.9742278742461769,0.04933571815490723
303799.9431993787,3900394.8709892547,0.5174724737973555,-1.317108173057577,-0.7996357083320618
303798.9986043427,3900392.8656462473,0.6085285537479986,-0.9309539300990917,-0.3224254250526428
303798.1503365397,3900391.0149899977,0.7382380615939192,-1.0052489926307882,-0.26701098680496216
303797.2785145528,3900389.1333427117,0.3697396175160787,-0.9664612021079318,-0.5967215299606323
303796.0891898716,3900386.5548630743,-0.17829384403141124,-0.9710998610497226,-1.1493936777114868
303794.9422092968,3900383.9919636594,0.7025496828503679,-0.8886108660306853,-0.18606117367744446
303794.03676830255,3900381.9274306707,1.1399602800224207,-0.7393951383280016,0.40056517720222473
303793.19607464375,3900380.0371948276,0.9349324085689183,-1.063980081756435,-0.129047691822052
303792.2966628743,3900378.0343583915,0.4564589809110134,-0.8449096615345041,-0.3884506821632385
303791.4912434629,3900376.1616847287,0.8131389298884839,-0.851257308511826,-0.03811837360262871
303790.5564584596,3900374.0009303,1.2129768165188552,-0.46786496993811155,0.7451118230819702
303789.4227137999,3900371.5002471684,1.0884766619363917,-0.7723235870383389,0.31615307927131653
303788.43917664175,3900369.3219730067,0.8142263707095441,-0.3977813593599628,0.4164450168609619
303787.3799565376,3900366.9097152133,1.2054973324908682,-0.04586791859275576,1.159629464149475
303786.30818033195,3900364.50303662,1.8987370939765384,-0.6403198293223817,1.2584172487258911
303785.57566654775,3900362.9180528764,1.544658379855785,-1.1354675096524331,0.4091908931732178
303784.7137165365,3900361.07484648,0.7848717651215631,-1.353820760011513,-0.5689490437507629
303783.9366113833,3900359.4204017106,0.43701271197247304,-1.3821105497800596,-0.9450978636741638
303782.9341512523,3900357.254221292,0.7359105679125316,-0.9542694211611649,-0.2183588296175003
303781.93311511015,3900355.079625035,0.7519026554413231,-0.8488311506134434,-0.09692849963903427
303781.015640761,3900353.108029887,0.6297659597550955,-0.8266601431241705,-0.19689418375492096
303779.7927594889,3900350.454695369,1.105424922588132,-0.7322540154681947,0.3731708526611328
303778.1938850971,3900347.0587418335,0.33932419817263015,-0.9213257112469009,-0.5820015072822571
303777.08876623504,3900344.626322702,0.5250696185059667,-0.7385406709906625,-0.21347104012966156
303776.23209335265,3900342.68875784,0.7788410282495591,-0.5561675765187405,0.2226734459400177
303775.3364568717,3900340.661194502,1.2018906724439842,-0.728912345416766,0.4729783833026886
303774.2679142599,3900338.3406613083,0.9111734888193233,-1.0500793661349899,-0.13890580832958221
303773.41825554834,3900336.5143504604,0.35242735580634427,-1.2719879434004728,-0.9195605516433716
303772.5144648121,3900334.5307377065,0.1885553228052827,-1.0511016533546704,-0.8625463843345642
303771.3762557892,3900331.97796637,0.36146470993447605,-0.8840331985437486,-0.5225684642791748
303770.394261545,3900329.734393684,0.563445623327065,-1.0145111560321485,-0.4510655105113983
303769.54528689384,3900327.8200091077,0.47012314787159415,-0.7953185928179505,-0.32519543170928955
303768.7763303648,3900326.0356127345,0.39837651963267945,-0.9022521945462287,-0.5038756728172302
303767.63314853795,3900323.357158243,0.6554382396067934,-0.669052140643951,-0.013613895513117313
303766.66961640754,3900321.1235725223,0.6520996111239794,-0.5919494434765563,0.06015016883611679
303765.7422127054,3900318.933621005,1.342739845300225,-0.33587647342608107,1.0068633556365967
303764.79343475227,3900316.7458812483,1.1025807891290564,-0.5856475801110147,0.5169332027435303
303763.8116240803,3900314.486300438,1.3584833246153987,-0.47183229598968407,0.8866510391235352
303763.0057275889,3900312.696404497,1.2397159399023974,-0.748794545842997,0.49092137813568115
303761.850874172,3900310.18738699,0.9487313116830481,-0.7774810735527862,0.17125020921230316
303760.85524686065,3900308.028754231,0.5577466842383357,-0.7220306630237137,-0.16428393125534058
303759.993433483,3900306.162016061,0.4429849920301352,-0.616470356205431,-0.17348533868789673
303758.9469948113,3900303.8646004633,0.5932307442761684,-0.5469055198390859,0.04632522538304329
303757.8308368477,3900301.435066461,0.3899255212365374,-0.6779785041980702,-0.2880529761314392
303756.7981659329,3900299.125533184,0.353517651433034,-0.6741027987309111,-0.32058513164520264
303755.78838554537,3900296.8863992053,0.6970664816898757,-0.6156616191190192,0.08140483498573303
303754.83728129684,3900294.7431080434,0.9928660731089665,-0.7929687409392016,0.19989727437496185
303753.8098164714,3900292.469442725,1.0242115187574474,-0.8874511746148112,0.13676030933856964
303752.63536940026,3900289.91603358,0.29081141889086587,-1.0882568152224819,-0.7974454164505005
303751.7536354541,3900287.9677529656,0.4116909595634144,-0.7756652570897676,-0.36397433280944824
303750.9479070677,3900286.152147553,0.6898016150122152,-0.5731964120583458,0.11660517752170563
303749.6428120206,3900283.258841186,0.39270370068144006,-0.5039367464096828,-0.11123306304216385
303748.5768595078,3900280.845478903,0.8178676085891013,-0.42597960858537526,0.3918880224227905
303747.5275530885,3900278.4704140103,0.8815667532014335,-0.5846099783265545,0.2969568073749542
303745.7449232999,3900274.4995610463,0.8727164288626837,-0.8543395914573529,0.018376803025603294
303744.3027165439,3900271.3154542726,0.6910449762454218,-1.1657409357663395,-0.47469598054885864
303743.00682923704,3900268.484251984,-0.01707648011113019,-1.0039825261482795,-1.0210590362548828
303741.89775318094,3900265.9676770247,0.9123369688557526,-0.8596191142423611,0.05271786451339722
303740.8956656582,3900263.689914325,1.4447594994466495,-0.3448028636606266,1.0999566316604614
303739.96635184076,3900261.629933764,1.2008760691871199,-0.8236236437904237,0.37725239992141724
303739.13396827923,3900259.8603833904,0.18600767558508116,-1.0341643850386255,-0.848156750202179
303737.6388231278,3900256.511406826,0.40841775148624443,-0.5966796696419076,-0.188261941075325
303736.2632319131,3900253.43908864,0.7943137545971652,-0.4285278294347454,0.3657859265804291
303735.2242817909,3900251.1624445408,0.3532623731128048,-0.7685089263868868,-0.41524651646614075
303733.93538865563,3900248.3367961356,0.7378278233568953,-0.7323761050996086,-0.022831778973340988
303733.2283098018,3900246.7435131255,0.7035208503729791,-0.722686788070858,-0.019165940582752228
303732.37614958483,3900244.87389398,0.3769951727249099,-0.922378520874435,-0.5453833937644958
303731.59367498674,3900243.1271255026,0.06098927372923633,-0.820587144456677,-0.759597897529602
303730.75087486755,3900241.184208446,0.5800409019369334,-0.5287017850405324,0.05133911594748497
303729.63039628835,3900238.638742662,0.43298468795073736,-0.589630114005661,-0.15664544701576233
303728.5366609952,3900236.1486093397,0.3529457298117512,-0.7282562203696216,-0.3753105103969574
303727.5967211984,3900233.9465809823,0.8484135485787205,-0.5323791482174968,0.31603437662124634
303726.68928077794,3900231.8557892875,0.8956913709616083,-0.6629791419764577,0.23271222412586212
303725.74995607126,3900229.7314911564,0.5907183552395144,-0.8032989751720228,-0.2125806212425232
303724.81249325164,3900227.594653185,0.767105909481831,-0.755386372083147,0.01171954907476902
303723.94658357947,3900225.62603068,0.9435000271090531,-0.7313842869269287,0.21211571991443634
303723.0772048518,3900223.66712312,0.8640318966938655,-0.748062114776219,0.11596976965665817
303721.88835906616,3900221.0050700526,0.3698671232740611,-0.8191223356839737,-0.44925519824028015
303720.91752623534,3900218.7642354923,0.8195247298756227,-0.5109253105910752,0.30859941244125366
303719.9423204301,3900216.5419590645,0.8307703695397843,-0.5437927144857054,0.17263378202915192
303718.9748620263,3900214.3654175894,0.5668175489820828,-0.7070922922569552,-0.1402747482061386
303717.9743289519,3900212.144514147,0.23095113407677165,-0.5225066967416251,-0.29155558347702026
303717.07384631893,3900210.128005219,0.7314462388771349,-0.44737242807651634,0.2840738296508789
303716.1809902269,3900208.1235026238,0.9649730746425154,-0.18167114579235777,0.7833018898963928
303715.2033421678,3900205.989223074,1.4519006756673094,1.8858948442330334,3.3377954959869385
303714.13625849347,3900203.71413618,3.6331680110528963,1.4180755511849965,5.051243782043457
303712.80510869133,3900201.1803535847,6.722782737767008,4.654144261299579,11.376927375793457
303711.8452673341,3900199.6325725513,9.707163886165088,11.554458556634028,21.261621475219727
303710.115385873,3900197.433281041,11.759738184591468,2.8690032450606964,14.628741264343262
303708.3134733245,3900195.7779745595,15.416396069973684,10.455124241794843,25.87152099609375
303706.7065674993,3900194.72809293,12.45364100803516,9.922470231824107,22.376110076904297
303704.6921866635,3900193.8299897206,14.431952367163285,2.777740391805102,17.209692001342773
303702.901365119,3900193.339997637,14.367523192722555,7.994308682903153,22.361831665039062
303700.7953711316,3900193.054022457,8.498759134243615,3.6772462099747507,12.176005363464355
303698.38661762775,3900193.0140995486,6.629344896147587,3.026702921486182,9.656047821044922
303696.24519530416,3900193.122318382,2.499916470899309,-1.755218491093586,0.7446980476379395
303693.9414319066,3900193.2977869855,0.768150394816314,-1.4645080309363894,-0.6963576674461365
303691.651546501,3900193.4682282223,0.42203130567785835,-1.385833749929657,-0.9638024568557739
303689.8192245957,3900193.5928890314,0.400106611885529,-1.070892339918194,-0.6707857251167297
303687.8288734908,3900193.717198045,0.3802653659138915,-0.9335022309897412,-0.5532368421554565
303685.54440617934,3900193.863101682,0.5105197147482528,-0.6916809308901736,-0.18116119503974915
303683.72159751493,3900193.979566644,0.7307293891794009,-0.7347412181822842,-0.004011826124042273
303681.5848216185,3900194.105335265,0.969418887461959,-0.8610839763759174,0.10833486169576645
303678.19519967464,3900194.2812685063,0.5358257790665616,-0.9719238593400612,-0.43609803915023804
303675.397881693,3900194.444362216,0.13828100838810306,-0.8228149600648649,-0.684533953666687
303672.82133037294,3900194.5723729148,0.57578836212666,-0.3927307012730028,0.18305766582489014
303670.53225238726,3900194.692291581,1.104269660123048,-0.6471557814645067,0.4571138918399811
303668.54627301113,3900194.804336099,1.1208898582512161,-0.7482910328351201,0.3725988566875458
303666.3980098993,3900194.9330898006,0.29870602367391635,-0.9150085333165796,-0.616302490234375
303664.39413841435,3900195.0710697863,0.36030312420832433,-0.7503662364040404,-0.3900631070137024
303662.4146274853,3900195.200025091,0.3510581430015947,-0.7048644766487675,-0.35380637645721436
303659.6522938456,3900195.3444583546,0.028687731664032448,-0.16250610188876477,-0.1338183730840683
303657.181302898,3900195.452307287,-0.07609470398618232,-0.1298217790804026,-0.20591647922992706
303654.86896502785,3900195.563451612,0.3232213068328111,-0.3100280760794174,0.013193240389227867
303652.8087274416,3900195.6516993,0.24360792817605487,-0.4471740591058951,-0.20356614887714386
303650.9178499266,3900195.711932282,0.8540649965083772,-0.3887939509901367,0.46527108550071716
303648.92676793085,3900195.7613033014,2.470911218815204,-0.5785522408629878,1.8923590183258057
303646.662454289,3900195.8894956526,1.2231383237348359,-1.1754760897677234,0.04766221344470978
303645.04951559636,3900195.9800948002,0.6841891205051687,-1.3875121621964819,-0.7033230662345886
303643.2509767853,3900196.0910916366,0.2995375992053654,-1.0804443594724567,-0.7809067368507385
303640.67447039956,3900196.241606255,0.657084528640178,-0.7203979276469632,-0.06331340968608856
303638.4382244977,3900196.33251783,1.087397812212647,-0.6817932182103752,0.4056045711040497
303636.3767042022,3900196.4437844646,0.7584578761363899,-0.5965576333713464,0.16190026700496674
303634.1825772043,3900196.567092206,1.509738931002389,-0.7207336207724988,0.7890052199363708
303632.00956552767,3900196.7492043036,0.8515476449124044,-0.9871215638518684,-0.13557393848896027
303630.0454658688,3900196.970172421,-1.177940293954217,-0.7643432580451195,-1.9422835111618042
303628.0620888637,3900197.090786661,-0.4961255713201269,-0.25521850271313606,-0.7513440847396851
303625.92779584625,3900197.2074453114,0.48021021669779224,0.3707580627543511,0.8509682416915894
303623.7708600147,3900197.349876344,0.28424045674419623,0.027343750205066946,0.3115842044353485
303621.48206737905,3900197.5509417327,0.05212950451952487,-0.06399536404694191,-0.011865857057273388
303619.34323628433,3900197.7060646256,0.18608699649290325,-0.11541748375001427,0.0706695094704628
303616.7151077532,3900197.8888422255,1.2781310582286647,0.028564454753641652,1.3066954612731934
303614.55088709184,3900198.089730262,1.0891932981907142,0.37951660642612883,1.468709945678711
303612.3964819558,3900198.307595543,0.9552119872666267,0.0540161141590628,1.0092281103134155
303610.12027623376,3900198.55154864,0.560692043235345,0.13464355912910103,0.6953356266021729
303608.18089468894,3900198.769274263,1.3260832550703854,-0.06896972945448138,1.2571135759353638
303606.1107288981,3900199.024208954,0.9835123424840456,-0.6463623055820216,0.33715003728866577
303602.55233189405,3900199.4797211285,0.9155583635447656,-0.4805297948457548,0.4350285530090332
303599.9971658848,3900199.810163877,0.9294884276353008,-0.15191650723046826,0.7775719165802002
303597.73146060796,3900200.117302221,1.2017794684265597,-0.44662476248623795,0.7551547288894653
303594.7491343351,3900200.5592767023,1.1639366986083983,-0.29302978962809195,0.8709068894386292
303591.7729626149,3900201.028254044,1.0543782231655725,0.05718994098277707,1.1115682125091553
303589.6852205716,3900201.3566437736,0.5744368918054965,-0.46307375231790626,0.11136314272880554
303587.7561746184,3900201.6737256837,0.8828084602482007,-0.05090331881084229,0.8319051265716553
303585.5386138237,3900202.0532667288,1.2475817565053133,-0.15148926022158546,1.0960924625396729
303583.1501126839,3900202.473019961,1.7939839767799337,-0.03082275274904323,1.7631611824035645
303580.2930900153,3900203.010753665,1.1372495486955718,-0.7417602514106773,0.39548924565315247
303577.7479838026,3900203.5155319693,1.1268816417006098,-0.6335754444038173,0.4933061897754669
303575.50602159207,3900203.9922083076,0.8643220730118852,-0.8666687232394606,-0.0023466062266379595
303573.23672322975,3900204.4676453127,0.8508519794732681,-0.38430785072676055,0.46654412150382996
303571.4130859696,3900204.8370455843,1.0007292216692378,-0.509948753622322,0.49078047275543213
303568.85224277305,3900205.3760289894,1.3924631955710949,-0.34036254700903074,1.052100658416748
303566.2862803575,3900205.9481418324,0.7057988251828841,-0.6846008528460735,0.021197998896241188
303564.0134483661,3900206.4557695896,0.7291836853537152,-0.3282470720818975,0.4009366035461426
303561.740747396,3900206.95956492,1.1496630973469526,-0.47366332029577635,0.6759997010231018
303559.61688116007,3900207.444915917,1.245323418489272,-0.4245300343361723,0.8207933902740479
303557.48431572283,3900207.9450166235,0.44192292429462465,-0.7266540607615776,-0.2847311198711395
303555.67186539515,3900208.387017528,0.6721499515976692,-0.4447937114997192,0.22735625505447388
303553.563237958,3900208.8999516694,0.28726895195000934,-0.593322738386552,-0.3060537874698639
303551.10649239726,3900209.4675526833,1.122731341284475,-0.2730407607743736,0.8496905565261841
303548.4808401045,3900210.1426765393,1.0506211922352422,-0.8110656473102678,0.23955556750297546
303545.53138608445,3900210.9214243544,0.3399801898176423,-0.9593505482951254,-0.6193704009056091
303543.57155303296,3900211.4418474315,0.014519207927088492,-0.8480529892957379,-0.833533763885498
303541.91361110203,3900211.853088272,0.3273945257352624,-0.5014648582603728,-0.1740703135728836
303539.82137882686,3900212.3608080368,0.8715798426961113,-0.3750000104353257,0.4965798556804657
303538.06927886023,3900212.8015262787,1.5322818636363102,-0.28509521756622636,1.2471866607666016
303536.2810528204,3900213.2534958017,0.9324841059165861,-0.7719726327088766,0.16051143407821655
303534.49899448943,3900213.7265172047,0.9468214200363834,-0.6017761113406477,0.3450453281402588
303532.3542468479,3900214.291262041,0.55962850807638,-0.20449829166898828,0.3551301956176758
303529.71992285084,3900214.964825835,1.1389221979902844,-0.36505127962024675,0.7738709449768066
303527.96246005484,3900215.430180727,1.4713391806017542,-0.10119628951621387,1.370142936706543
303525.86676154326,3900216.0049057663,1.6985905666237737,-0.8722228943342974,0.8263676762580872
303523.82873224263,3900216.5988441254,1.9182680199081898,-0.08316040128042829,1.8351075649261475
303522.080327807,3900217.127881764,2.1957401860717267,0.932098413671892,3.127838611602783
303519.83782081,3900217.8427044656,2.24254960688794,-0.4000244094916508,1.8425252437591553
303517.8508504381,3900218.528478354,2.288112731624037,0.20642089653885431,2.4945335388183594
303515.8340988116,3900219.2607688243,2.033867264063363,-0.5126037762187529,1.521263599395752
303513.34240179404,3900220.198320578,1.7470105247019347,0.015655517284236555,1.7626659870147705
303511.16467453155,3900221.049551555,2.006735618245957,0.8891906850581959,2.8959264755249023
303508.4039661598,3900222.184124524,1.7211034037366648,-0.32440186234216545,1.396701455116272
303505.1254892096,3900223.615020435,1.2685517179177217,-0.35794067916829325,0.9106109738349915
303503.06335488876,3900224.5356588196,0.8475794650871856,-0.42684936380706767,0.4207300841808319
303501.2951702137,3900225.3313018917,0.846812669631146,-0.5468444750233789,0.2999681830406189
303499.3764949086,3900226.1987603977,0.642932696845029,-0.3601989638234816,0.2827337384223938
303497.4461931013,3900227.071957961,0.5639114635728011,-0.4285583518425989,0.13535313308238983
303495.2167151823,3900228.0860122438,0.5464534466933956,-0.42840576648375783,0.11804769188165665
303492.8596490908,3900229.153051281,0.6596865639096884,-0.6175536882408185,0.042132847011089325
303490.498224552,3900230.2310064435,0.3577194450722083,-0.8201294150605805,-0.46240997314453125
303488.8693429443,3900230.9699943755,-0.8752942916658347,-0.6917419223450276,-1.5670362710952759
303487.07986634725,3900231.7686892715,-0.014000418707544992,-0.01602172781504564,-0.03002214804291725
303484.70824801293,3900232.8231543843,0.3139217107931478,-0.022094726482539007,0.291826993227005
303482.3733351574,3900233.8721353486,0.6050168226584072,0.24041748278171843,0.845434308052063
303480.34757585917,3900234.798159032,1.0955009778892209,-0.0911254890800408,1.0043754577636719
303478.17530970735,3900235.8181081596,1.1077736538889702,0.20297241140015157,1.3107460737228394
303476.03167502047,3900236.8572782446,1.4439108484422754,-0.31185912706593616,1.132051706314087
303474.33763381897,3900237.709458594,1.6503076392158365,0.489013690207704,2.1393213272094727
303471.95151280775,3900238.9397785803,1.345480351982987,0.8006591604186657,2.14613938331604
303470.27154374344,3900239.8333056103,1.584167395666312,0.3100585984872709,1.89422607421875
303468.315176051,3900240.902905578,1.5190401545480654,0.6694640864282675,2.1414029598236084
303466.5163096911,3900241.9253629865,1.562366605774395,-0.059173583998243476,1.5031930208206177
303464.59669474687,3900243.056304293,1.873513845701916,1.166809113319506,3.040322780609131
303462.7357006001,3900244.19342662,2.2738517235238733,-0.2808532698852517,1.9929983615875244
303461.16311612923,3900245.2088797106,2.4025100759286997,0.9551697254711372,3.357679605484009
303459.7119166619,3900246.1830877084,1.4531209316512146,-0.5524902133417762,0.9006307125091553
303457.7686840353,3900247.5508483932,1.357004588660091,0.49658202005575414,1.8535865545272827
303455.70150764624,3900249.0026502926,0.946283435917539,0.1235351502383612,1.0698186159133911
303454.020095133,3900250.2494495944,-0.24415039460654198,-0.4586486968702372,-0.7027990818023682
303452.14534957684,3900251.6822805167,-1.0346550914418087,-0.25756835459188493,-1.2922234535217285
303450.3243400677,3900253.003810241,-0.35964225004527267,0.009521484639959442,-0.35012075304985046
303448.5589745887,3900254.2679780484,0.2508489425524733,0.23165893910994068,0.4825078845024109
303446.7371679843,3900255.58775653,-0.1258134985742365,0.14752197419065263,0.021708471700549126
303445.0882824111,3900256.784217397,-0.2066071659360826,-0.3163147049214588,-0.5229218602180481
303442.61802861455,3900258.5967489863,-0.6251815688006948,-0.20306396528349885,-0.8282455801963806
303440.8732306103,3900259.8241767418,0.15041163779745725,-0.1145019582567549,0.03590967878699303
303439.1441410297,3900261.094343558,-0.45597131607644503,-0.16677855863737964,-0.6227498650550842
303437.6145784673,3900262.142756083,0.3465054750742374,-0.30032349784674,0.04618198052048683
303435.99046886055,3900263.282191281,0.31904123106076326,-0.14953613294386592,0.16950510442256927
303434.130293839,3900264.58433172,0.5278792808540749,-0.19711304290720622,0.3307662308216095
303432.27534421964,3900265.8885768265,1.1046838470631857,-0.4971923614911183,0.6074914932250977
303430.4228311776,3900267.220538217,0.7722503759481728,-0.7540588607849315,0.018191523849964142
303428.46255271346,3900268.6414245362,0.7517593815513115,-0.6441955347895408,0.1075638085603714
303426.6397098411,3900269.9936525077,0.1850388025791443,-0.7499694984627979,-0.5649306774139404
303424.5680268425,3900271.5221871133,0.11208443147632739,-0.3674316539068491,-0.25534719228744507
303423.00500143424,3900272.658651436,0.11240004758096281,-0.3223266587732452,-0.20992660522460938
303421.451983248,3900273.752903196,0.2100163774870578,0.04861450174264053,0.2586308717727661
303420.0496858185,3900274.7637036415,0.6572243874356046,-0.20770263756550275,0.4495217502117157
303418.3066631431,3900276.031246762,0.577579952762466,0.2071533142654192,0.7847332954406738
303416.3257063314,3900277.462323213,1.3589128794811691,-0.2171325674883516,1.1417803764343262
303414.09736836096,3900279.076196605,2.6180285843388127,-0.2239684929500501,2.3940601348876953
303411.4120431789,3900281.13938542,2.034911856119552,-0.41659546227430666,1.618316411972046
303408.94551557954,3900283.1277888473,1.6498439334042159,-1.071685815800679,0.5781580805778503
303406.2107782945,3900285.401848152,1.665346008220912,-0.28979492132372403,1.3755511045455933
303404.7683568435,3900286.5851040077,1.0202058262526466,-0.67996214054343,0.3402436077594757
303403.24017745885,3900287.8836607593,0.8940677602907023,0.23892212492073522,1.1329898834228516
303401.5484660681,3900289.385345677,0.3438309224056485,-0.2095336885520215,0.1342972218990326
303399.7146253819,3900290.961695706,0.6443581253082988,0.6990356572441021,1.3433938026428223
303398.0184476485,3900292.4447220215,1.1439040739378683,-0.13708496489119712,1.0068191289901733
303396.35864588234,3900293.963982601,1.0322560942175474,0.4039001416392364,1.4361562728881836
303395.01628775534,3900295.2213571235,0.026710767092810644,-0.23889160251288172,-0.21218083798885345
303393.32167420676,3900296.816835216,0.6709468244475421,0.08096313476052047,0.7519099712371826
303391.650927929,3900298.431955333,-0.35457184844274314,-0.11007690280908577,-0.4646487534046173
303390.2768607929,3900299.688826111,-0.49002898715565585,0.10794067443477834,-0.382088303565979
303388.8151355608,3900301.053680405,0.9785987684281618,0.20172119278135664,1.1803200244903564
303387.61417059414,3900302.2159479773,0.9173322917382649,0.43234251676662394,1.3496748208999634
303385.5366408221,3900304.266003056,-0.26889235466851646,-0.0677795423111802,-0.3366718888282776
303383.84244948847,3900305.900747346,0.712362850418678,-0.07785034274735328,0.6345124840736389
303381.97664826014,3900307.813498007,0.6163709449364956,0.05169677801806084,0.6680677533149719
303380.5635490826,3900309.256510283,-0.07243786472726113,-0.3372192459282233,-0.4096570909023285
303379.0358885116,3900310.789325831,0.3326167656446925,-0.05722045672052395,0.27539631724357605
303377.53508343187,3900312.3393172096,-0.21959989328473936,-0.15881347750787375,-0.3784133493900299
303376.01620150765,3900313.8223838652,0.5225197701505834,0.14303588726748975,0.6655556559562683
303374.44822547917,3900315.3363245875,1.525738008802909,-0.2059936495299715,1.319744348526001
303372.9010530276,3900316.852257092,1.2547803490036835,-0.5525512581574832,0.08491211384534836
303371.19481233496,3900318.61055143,-0.03189278459184771,-0.6956787259887466,-0.7275714874267578
303369.7797420465,3900320.0490818135,0.9259318200684282,-0.7659606788570903,0.15997114777565002
303368.264416147,3900321.6679430855,-0.052146686714155684,-0.5682983660106533,-0.6204450130462646
303366.8147150604,3900323.104753785,0.7088270002235798,-0.37728881749836757,0.33153820037841797
303365.4726119782,3900324.430354928,1.2296599804534345,-0.42477416023814735,0.8048858046531677
303363.96907704056,3900326.0016811094,0.7246716517158343,-0.7369995028374726,-0.012327850796282291
303362.71803715127,3900327.270652666,0.47861600785682895,-0.7009887711816084,-0.22237277030944824
303361.284693916,3900328.7578974552,0.20483812026062287,-0.6824035596457393,-0.4775654375553131
303359.62928201724,3900330.479314668,0.3079255784342435,-0.5249633770478612,-0.21703779697418213
303357.38302893116,3900332.7370444755,0.8577236300259768,-0.09191894495220604,0.7658047080039978
303355.78562769527,3900334.4190443526,0.3944424373924579,-0.27316285040578764,0.12127960473299026
303354.70785494597,3900335.560514944,0.1442539554564263,-0.33660887781243276,-0.1923549324274063
303353.3552117788,3900336.9316089996,0.5333489817187856,-0.2013549772479676,0.33199402689933777
303351.7174954016,3900338.585330136,0.6298898636555078,-0.21704101360500436,0.4128488600254059
303350.3034351142,3900340.0649620118,0.5020049768133327,-0.3444519093311643,0.1575530469417572
303348.77095619455,3900341.7000765256,0.6569187364702466,-0.8081664988118618,-0.1512477546930313
303347.52390323416,3900343.054414166,0.6779851209438286,-1.0679931380589351,-0.3900080621242523
303346.1035805952,3900344.6005267096,-0.8898333631704117,-0.6377563739495113,-1.5275896787643433
303344.6526558352,3900346.0878116554,-0.2975691707030795,-0.2473754978748309,-0.5449446439743042
303342.98181230586,3900347.812104512,-0.7593222685923667,-1.3349609001658154,-2.094283103942871
303341.5141919801,3900349.224947303,-0.5479664403162592,-0.6330566168311608,-1.1810230016708374
303340.0175736985,3900350.6154853087,0.18627688108791488,-1.572143594684445,-1.385866641998291
303338.2072038725,3900352.258304418,0.012194709123569358,-1.7282104290114746,-1.7160156965255737
303336.7547576505,3900353.589114958,-1.3426563889263041,-1.222106965170164,-2.564763307571411
303335.3291384423,3900354.840635712,-0.9950476782185509,-1.76702884866389,-2.7620763778686523
303333.54880198836,3900356.3108967454,0.09783690366162541,-0.4961852821145116,-0.3983483910560608
303331.5712718029,3900357.9888317934,-0.9854535035905044,-1.484527635558814,-2.4699811935424805
303329.79854947096,3900359.4094799035,-1.6371526948743917,-2.8024902225928776,-4.439642906188965
303327.98315890983,3900360.840783468,-1.5720681424384577,-1.0244140765550207,-2.596482276916504
303326.41585144564,3900361.9636374996,-1.3459171639247505,-2.1377258399221075,-3.483643054962158
303325.108251682,3900362.906684924,-1.1402083012666566,-1.218109170071591,-2.3583173751831055
303323.0280004353,3900364.351060513,-1.231057287747231,-1.7636108725928274,-2.9946680068969727
303321.5054315963,3900365.3552251994,-1.1565895494955802,-0.8457946512796967,-2.0023841857910156
303319.6723933118,3900366.501458396,-0.6844088071365197,-1.2991637720040727,-1.9835726022720337
303317.96883398993,3900367.572838505,-1.9149351010366351,-2.8121032869628473,-4.727038383483887
303316.038360154,3900368.659251465,-1.9949972978270554,-1.7032165256825764,-3.698213815689087
303314.2514266964,3900369.6986917313,-2.2988743349916265,-1.4822387751349193,-3.7811131477355957
303312.7374562037,3900370.5759978765,-3.7959899024690684,-0.035583494652141286,-3.831573247909546
303310.7030956837,3900371.4935027948,-2.2387304639248446,-0.024261473929646633,-2.2629919052124023
303308.7851781146,3900372.3283723397,-0.9451777990456433,0.7452697947053002,-0.1999080628156662
303306.85426923307,3900372.7921437672,5.759271003441758,0.12011718750751195,5.879387855529785
303305.13270496065,3900373.586974323,4.21609264020175,-0.6820373441123502,3.534055233001709
303303.45762052096,3900374.4025923386,2.4752332344559407,-2.568847593776724,-0.09361445903778076
303301.0963345652,3900375.5576333744,0.02919566361753934,-2.5515441632881433,-2.522348642349243
303298.4611431857,3900376.7546995906,0.5762674358639128,-1.2180786476637373,-0.641811192035675
303295.6285034579,3900377.9922664114,1.9617276598233349,-0.6361999445923946,1.3255276679992676
303293.5087561443,3900378.966589503,1.1001998278730722,-0.8225402583941833,0.27765950560569763
303291.5202464558,3900379.8486726345,2.203364171289342,-0.7890319906563356,1.4143321514129639
303289.4220558128,3900380.8242629846,1.3227334741693173,-1.2114867680627346,0.11124661564826965
303287.78003111796,3900381.6239771694,0.5662802051934732,-1.1075439887781287,-0.5412637591362
303286.1477211233,3900382.3800982977,0.3653484995708481,-1.0870056099439003,-0.7216570973396301
303283.79944198765,3900383.473717446,0.8850314200187754,-0.5166931385408865,0.36833831667900085
303281.251723828,3900384.6708347984,0.5742713130789766,-0.04241943345405302,0.5318518877029419
303278.43335207633,3900386.049680477,0.3675194591902808,0.5326537965273254,0.9001732468605042
303276.45154750184,3900387.011538652,1.2709876408521834,2.236450247959118,3.5074377059936523
303274.8548347987,3900387.755382048,5.035215029246577,1.4474487797106363,6.482663631439209
303273.1491902475,3900388.6594582754,8.435273379681993,6.949340966309977,15.384613990783691
303271.1511372711,3900389.9925646205,11.959521217814341,12.067748980307778,24.027271270751953
303269.81009258074,3900391.1202401407,16.740665589654316,6.192474470889347,22.93313980102539
303268.47143135744,3900392.806869325,14.970490585103988,4.893646125206546,19.864137649536133
303267.50151491107,3900394.844054358,16.926024970897412,9.69976764506761,26.625791549682617
303266.9382927882,3900397.911131666,12.757612600631052,5.359039420438759,18.11665153503418
303267.0238555722,3900400.6973035857,9.29303671018252,4.129043586777231,13.422080993652344
303268.0457393207,3900405.144174429,7.260501333007309,2.6111411923345007,9.87164306640625
303269.07066775946,3900407.5474810097,0.7103341775134784,-0.9529971917065443,-0.24266304075717926
303269.9467528142,3900409.5232264693,-0.8692637148763894,-0.13763427485106747,-1.006898045539856
303270.99142809614,3900412.0770946555,1.7243654593955806,0.45142555837953713,2.175791025161743
303272.03757557715,3900414.500812311,1.2224271302875083,-0.19470596151373207,1.0277211666107178
303273.0575694537,3900416.7249529865,-0.16590508149619815,-0.45464135017899665,-0.6205464005470276
303273.8005085346,3900418.649836977,2.122420026322344,0.08370017965795103,2.206120252609253
303274.9008556535,3900421.0157583654,0.5885855753103251,-0.6363124826311412,-0.04772690311074257
303275.7778374788,3900422.935149147,0.6557808162823519,-0.7209148342289157,-0.06513404101133347
303276.69763632666,3900424.9976294413,0.20270129824682703,-0.356443400316606,-0.15374210476875305
303277.6282000107,3900427.061288027,0.8046500719672159,-0.25022315315019733,0.554426908493042
303278.8366515113,3900429.6816611122,0.963393059788421,-0.48842431958752597,0.47496873140335083
303279.6440464209,3900431.366017935,-0.13900143326298073,-0.6212920962334898,-0.7602935433387756
303280.52254435746,3900433.387573307,0.8825076117596028,-0.510473237445385,0.37203434109687805
303281.3165550694,3900435.099692147,0.7543674465971986,-0.629005407518844,0.12536203861236572
303282.25324757525,3900437.096608712,0.2254208419636034,-0.8773689082653732,-0.651948094367981
303283.2179911251,3900439.1087717186,-0.8155778410307074,-0.8982696606515824,-1.7138475179672241
303284.13200371637,3900441.178955346,0.25545427764163375,-0.234048838308784,0.021405432373285294
303284.98982846667,3900443.131898828,0.5712723264248121,-0.17832373944924326,0.39294856786727905
303285.823414526,3900444.950438578,0.5084521417812958,-0.6713581299016237,-0.16290594637393951
303286.847968758,3900447.3505398054,0.6536971283378219,-0.6306305122936311,0.023066621273756027
303287.86359479325,3900449.6008633794,0.5548438004802274,-1.0622157585164562,-0.5073720216751099
303288.6685618273,3900451.4034447316,0.012619708306524145,-0.7964496828166752,-0.783829927444458
303289.81068258354,3900453.9439549213,-0.3344856494759108,-0.5492496621065753,-0.8837352991104126
303290.6651389726,3900456.026068072,0.790440557090092,-0.01270866418334629,0.7777318954467773
303291.606620632,3900458.2106285137,0.931638870006797,-0.40242386028316157,0.5292150378227234
303292.54155486944,3900460.3486756166,0.7768622477418125,-0.6788654149339669,0.0979967936873436
303293.35345004726,3900462.1947270976,0.5104306021239252,-0.6755370850957608,-0.16510650515556335
303294.17920827004,3900464.042310564,0.337043822124345,-0.6134090440750901,-0.2763652205467224
303295.21944619576,3900466.3769355426,0.1687728804935308,-0.3272190218901048,-0.15844611823558807
303295.9792487037,3900468.086963075,0.07733273580420663,-0.08021736348051971,-0.002884624293074012
303296.9356867716,3900470.2791925827,0.45308161244900075,-0.14046478795244274,0.31261685490608215
303297.8183636869,3900472.3028027657,0.8497429808676401,-0.014474868393389606,0.8352680802345276
303298.5806183407,3900474.0225784625,0.8023731643743687,-0.22073363798589538,0.5816395282745361
303299.4415458526,3900475.8923289594,0.18172355949010968,-0.43940736028722366,-0.25768378376960754
303300.2732572772,3900477.7708491264,0.5372246338250919,-0.3042125702075482,0.23301206529140472
303301.23910666996,3900479.90427286,0.32106019229073673,-0.36867522858346746,-0.04761503264307976
303302.20396645484,3900482.050114908,0.13101220634754177,-0.33879661942009953,-0.20778441429138184
303303.4219565125,3900484.73755104,0.18589356340117436,-0.3455867879504443,-0.15969321131706238
303304.21136136964,3900486.5022068038,0.19072019928748585,-0.3540935484378571,-0.16337335109710693
303305.1211828436,3900488.55451266,0.6326143087215496,-0.47050286370076455,0.16211144626140594
303306.1032019432,3900490.5848367726,-0.5481450390908845,-0.4997406090209148,-1.0478856563568115
303306.944544915,3900492.4850010616,-0.0495226100773481,-0.32961273638992983,-0.3791353404521942
303307.79392342624,3900494.406013843,-0.03676883262793601,-0.09273147732927972,-0.12950031459331512
303308.73490984546,3900496.4640244637,-0.5961995286875967,-0.07307624729081931,-0.6692757606506348
303309.6088336725,3900498.529986414,-0.05400928063483948,0.10671997155373028,0.05271068960428238
303310.4608596734,3900500.5801217984,15.553524070392738,0.23956298876395282,15.793087005615234
303311.5384852088,3900502.887423176,4.83735853625647,-2.450050326986104,2.387308359146118
303312.5985634421,3900504.864958418,0.9794525420744135,-4.435810007404129,-3.456357479095459
303313.74345333816,3900507.13043219,-0.46630907418952383,-2.717197381558697,-3.183506488800049
303314.62417742156,3900509.02093929,-1.2686664437514368,-1.6247424545958902,-2.893409013748169
303315.30872020987,3900510.643703955,0.2402121235393685,-0.4941272607402222,-0.2539151608943939
303316.4388746447,3900513.156130357,0.5166625094113272,-0.1606025735238072,0.3560599386692047
303317.27899159584,3900515.0805807887,0.6951502401017169,-0.09607314738070846,0.599077045917511
303318.20384237374,3900517.1402431433,0.7700164772027556,-0.22382545918387653,0.5461910367012024
303319.0678392628,3900518.966785106,0.11445548095388706,-0.30751227194817843,-0.19305680692195892
303320.1695801468,3900521.2661664714,-0.5868973980074212,-0.07742309573847046,-0.6643204689025879
303321.54241252935,3900524.440144843,0.9867265868187713,0.5121345742392848,1.4988611936569214
303322.4566068377,3900526.3468787638,0.28692317362327746,0.009912490458332859,0.29683566093444824
303323.51473520644,3900528.5324967513,1.8394390991497802,2.2450923582498885,4.084531307220459
303324.5207081784,3900530.438439547,5.758631953867539,10.223756706302538,15.982388496398926
303325.6017686372,3900532.0979583026,11.552975551810489,23.577894977154056,35.1308708190918
303326.98052728147,3900533.8403820363,19.923834271203738,18.22389239434136,38.147727966308594
303329.0710377605,3900535.3088639714,24.834885425962767,19.477585569328248,45.27006149291992
303330.8974515935,3900535.928172378,20.410457928810466,13.8981474703174,34.3086051940918
303332.3191470128,3900536.006708024,16.924213263220068,1.8589019366331432,18.78311538696289
303334.90906455286,3900535.4056474166,10.081825375349673,3.647987387117708,13.729812622070312
303336.91726344393,3900534.5913871764,-1.790706339751974,-3.3718108224623586,-5.162517070770264
303339.0841195877,3900533.798692814,-1.4264267381058064,-0.9888306052482526,-2.415257215499878
303341.4970511883,3900532.939997582,2.1774719913628813,2.4991531972595604,4.6766252517700195
303343.59826404415,3900532.1388427,3.110048518276674,1.4198074310264177,4.529855728149414
303345.684386399,3900531.257178052,1.4731720191768447,0.011795043839287768,1.4849671125411987
303348.0442433094,3900530.208247073,0.5252089970537172,-0.3234710623047661,0.2017379105091095
303350.70323768863,3900529.00396009,-0.4239541640117756,-0.445701593050802,-0.8696557879447937
303353.09889400576,3900527.937434544,-0.5139243506060925,0.09067535693537448,-0.4232490062713623
303355.39903183776,3900526.9470418054,0.11204407733132878,0.39332580818486657,0.5053699016571045
303357.0970962116,3900526.1938581415,0.41481184908600777,0.5154724023093054,0.9302842617034912
303359.40868636116,3900525.1762527195,0.6471784598269852,-0.02361297614941235,0.6235654950141907
303361.55013085256,3900524.218828403,0.991337925003882,-0.12368774893741545,0.8676502108573914
303363.2315018893,3900523.455460122,1.1101053097168834,-0.2525482189127784,0.8575570583343506
303366.3243972338,3900521.9888071916,0.48267762253545937,-0.6634521325764811,-0.18077452480793
303368.4722226496,3900520.981459722,0.16185341861663188,-0.5914688222745695,-0.42961540818214417
303370.7500550293,3900519.917603582,-0.10707427427671147,-0.4038162316980657,-0.5108904838562012
303372.7645492514,3900519.00101837,0.023371018032085973,-0.1930084193811459,-0.16963741183280945
303375.35408398544,3900517.817456481,-0.386973865658887,-0.08973693963622498,-0.47671079635620117
303378.54219174845,3900516.397495506,-1.704087374801753,-0.32194518203592937,-2.0260326862335205
303382.30594613944,3900514.929490218,-6.654999940443801,-12.177246304213192,-18.832246780395508
303385.57116775255,3900514.2096568486,-15.691731240700655,-18.858924109781416,-34.550655364990234
303389.2094378333,3900514.665538882,-22.829091093161804,-16.284526773860645,-39.113616943359375
303391.00981750694,3900515.65140658,-16.133798159256806,-10.55166981948662,-26.685468673706055
303392.6550556492,3900517.23163828,-12.718800050672455,-9.842395655315816,-22.561195373535156
303393.53229678946,3900518.4206254734,-6.838559993727425,-2.304241156131964,-9.142801284790039
303394.7991266762,3900520.4692074056,-0.18283781413974734,0.09799194361969941,-0.08484587073326111
303395.9070544285,3900522.2989855083,-0.1818529728985829,-1.318502385421906,-1.5003553628921509
303397.1970657771,3900524.456325622,-0.5626171960859365,-2.1070689627193286,-2.6696863174438477
303398.89233396837,3900527.3711815164,-0.830318349754947,-2.438735905182566,-3.2690541744232178
303400.1024500401,3900529.8282378055,1.0987261078379362,-0.8552493939991398,0.2434767484664917
303401.30610121693,3900532.15411477,-0.37521820296279584,-2.373523606864812,-2.748741865158081
303402.4077449932,3900534.3684076103,-0.4172832303072152,-1.7420997254104014,-2.1593830585479736
303403.32428116567,3900536.340506789,-0.01576624772409142,-0.8248424590313008,-0.8406087160110474
303404.14996660233,3900538.1682485966,0.8753212922573974,-0.692134871665715,0.18318644165992737
303405.3144395478,3900540.7054714197,1.2416607295468527,-1.1657810631277135,0.07587969303131104
303406.4221861345,3900543.0335624903,0.5917476860917765,-1.1722888460245604,-0.5805412530899048
303407.5613864913,3900545.4837658573,0.2776456422962845,-1.09706114250604,-0.8194155097007751
303408.72983889526,3900548.0583940456,0.41709644064167123,-0.8617992252480646,-0.44470280408859253
303409.5322965025,3900549.793931961,0.18792649183439197,-0.8831233960019618,-0.6951969265937805
303410.39900692005,3900551.7029218664,0.09486692530111362,-0.6052341614122312,-0.510367214679718
303411.39393842535,3900553.9625967327,0.24984309047548314,-0.5264835210250122,-0.2766404449939728
303412.18199822656,3900555.744710017,0.10167480963461806,-0.3754005369971235,-0.2737257182598114
303412.9450525257,3900557.538170803,0.8159322104547547,-0.18382835165195788,0.6321038603782654
303414.12654734415,3900560.1627874486,0.5113923247755747,-0.36927796609729463,0.14211437106132507
303415.37627084134,3900562.415348136,-3.306159044160196,-0.2551231468690203,-3.561282157897949
303416.3630360939,3900564.4222882325,-3.950551533857756,1.7980729122152443,-2.1524786949157715
303417.09476699005,3900566.3539532865,-0.2343928023665176,2.8404197571578393,2.6060268878936768
303417.89918535657,3900568.4583204584,1.1164188591092081,1.7354278045300624,2.851846694946289
303418.822970932,3900570.6869821604,1.6871476518864752,0.8628769010330457,2.5500245094299316
303419.82544984913,3900572.932452864,0.9836965441482244,-0.5018634638314665,0.4818330705165863
303420.7956058917,3900575.068111497,0.8877384694467748,-0.6680392982952322,0.21969914436340332
303422.1420252881,3900577.991745649,0.49036179879513525,-0.8870792494701628,-0.3967174291610718
303423.2365235802,3900580.403865539,0.6631038462896633,-0.5945491842293924,0.06855465471744537
303424.61562469904,3900583.411049939,0.7176865559898797,-0.6373481634248973,0.08033836632966995
303425.31216872367,3900584.863242458,0.34427221665905483,-0.7102050976103357,-0.3659328818321228
303426.39153004484,3900587.1373633402,-0.1045687687900804,-0.46900940015005893,-0.5735781788825989
303427.16333667864,3900588.880280352,0.18661059986189346,-0.5643634833576384,-0.3777528703212738
303428.1178071563,3900591.060144611,0.24898347381584002,-0.7248821069196353,-0.4758986532688141
303428.8431376719,3900592.720358525,0.24666835985232302,-0.6702136996896764,-0.42354533076286316
303429.72949571395,3900594.778178662,0.5030725140362645,-0.6554660939720023,-0.15239354968070984
303430.7303261443,3900597.0712692174,0.9612962984349329,-0.5767974692156764,0.38449880480766296
303431.6230394704,3900599.065195599,0.6329182521396151,-0.7052173519689339,-0.07229911535978317
303432.66566442384,3900601.3554614456,-0.005328010291256107,-0.6958141558333832,-0.7011421322822571
303433.426363287,3900603.0986858346,0.5096053231731172,-0.3926868386519266,0.11691846698522568
303434.32206615375,3900605.153711876,1.01244779857257,-0.30764962278351915,0.70479816198349
303435.2330803667,3900607.1847162666,0.9443496386087792,-0.5037078817116344,0.44064176082611084
303436.1564076756,3900609.210527105,0.41128691118532584,-0.6879138681195,-0.27662697434425354
303437.00344027847,3900611.1186777144,0.43177505077655753,-0.6107616520806226,-0.1789865791797638
303437.99693067814,3900613.3040888836,0.28017113142232314,-0.4020366739345865,-0.12186552584171295
303439.4264624343,3900616.496350169,0.8768788421924247,-0.5167045577634051,0.3601742684841156
303440.81622392964,3900619.525073494,0.4606364953621224,-0.6512947160189757,-0.19065822660923004
303441.72730689717,3900621.5513496026,0.6925669344915711,-0.4727706999486203,0.21979624032974243
303442.56421833043,3900623.4169969577,0.7764042515414513,-0.6281223387643554,0.14828193187713623
303443.4182447923,3900625.2886277395,0.6594706658988926,-0.6486491916543594,0.0108214495703578
303444.26971399237,3900627.165899328,0.5546730991118299,-0.6833133621875261,-0.12864026427268982
303445.061208785,3900628.8997156485,-2.0323919432026405,-0.5669098098967309,-2.599301815032959
303446.33292710304,3900631.803634453,-0.5261516165200318,0.3294983040409057,-0.196653351187706
303447.2055513479,3900633.839521693,0.7621819300596336,0.4963932293582268,1.258575201034546
303448.11502714606,3900635.880597862,0.8136971911314267,0.014434814403188506,0.8281319737434387
303449.04060475953,3900637.929838559,0.7311514201649136,-0.27909468293695855,0.45205673575401306
303449.98432985356,3900639.982056158,0.3869806424872041,-0.6566924864539898,-0.2697118818759918
303450.84267116885,3900641.881472019,0.45592467869101855,-0.5695228375019368,-0.11359820514917374
303451.82106195454,3900644.058890849,0.8799810287360799,-0.6185111953850897,0.26146984100341797
303452.66405602545,3900645.9197578523,0.6026355945981586,-0.8758411336862588,-0.27320554852485657
303453.6020796152,3900647.995722199,0.6740194490786957,-0.8237876750522098,-0.14976826310157776
303454.52290864044,3900650.0676385956,1.003319144025142,-0.9926662900757436,0.010652855038642883
303455.4615875358,3900652.166509698,0.9149332945140036,-1.0408840105214487,-0.12595075368881226
303456.2717072943,3900653.9691265626,0.5416884826128125,-1.0220756972596434,-0.4803871810436249
303457.2476362469,3900656.166897367,-0.3062329455001233,-1.0124530279361532,-1.3186860084533691
303458.18021605094,3900658.336068638,0.15300694959950342,-0.47095680447630595,-0.3179498612880707
303458.9713152696,3900660.181921948,0.9539723079322694,-0.3459701589980377,0.6080021858215332
303459.89925363223,3900662.305083234,0.7409696570142483,-0.7615852490026095,-0.020615575835108757
303460.7747777468,3900664.3130181567,0.1246194827897404,-0.7061767801039092,-0.5815572738647461
303461.77971206064,3900666.6441780906,0.5818173914513713,-0.5146369847964481,0.06718038022518158
303462.8642191971,3900669.153514241,0.45900071841675727,-0.6689853862169848,-0.2099846452474594
303463.6236499157,3900670.9240891677,0.5385642046760607,-0.6823673276266264,-0.14380310475826263
303464.6337331211,3900673.2958355346,0.8193813492639054,-0.5507907768989124,0.2685905694961548
303465.58578825404,3900675.525878261,0.9608548974598208,-0.7426510041279821,0.21820394694805145
303466.6761180487,3900678.049574799,0.818217335618947,-0.813770295499887,0.004447061102837324
303467.58170499804,3900680.115318242,0.8275762422465984,-0.8485698958776904,-0.020993642508983612
303468.4158082439,3900682.0240360703,0.7232968093411047,-0.7692966392972597,-0.04599984735250473
303469.51655655156,3900684.5365475183,0.030356712400108864,-0.5700969469181881,-0.539740264415741
303470.8369576103,3900687.5981261577,-0.14211363830676613,-0.21938895783326234,-0.36150258779525757
303472.53663828963,3900691.6051964597,1.291239258462977,-0.16065978969831926,1.1305794715881348
303473.5772619515,3900694.001514412,1.6941426193702145,0.040739060175884426,1.7348817586898804
303474.66090122005,3900696.3831333155,1.482293096483162,-0.8597011832341072,0.6225919127464294
303475.52881587436,3900698.2155256337,1.5628998941381849,-0.6509285004855867,0.9119714498519897
303476.5093450981,3900700.2251839135,1.0670011598036964,-1.0949859389371197,-0.027984801679849625
303478.2322667381,3900703.743300043,0.19697311741071352,-0.9024334080026456,-0.705460250377655
303479.0694753011,3900705.5096242824,0.3927196555764544,-0.9299030414622618,-0.537183403968811
303480.0564786708,3900707.5816213232,0.3415616454147647,-0.7609023901681669,-0.41934075951576233
303481.0042625691,3900709.592195544,0.3020465998278608,-0.662134172870933,-0.3600875735282898
303481.9926784248,3900711.7260723975,0.3012154778636614,-0.7939300367040281,-0.4927145838737488
303482.9061310012,3900713.684474229,0.3423680879845022,-0.7013759575301836,-0.359007865190506
303483.7584969115,3900715.5257881186,0.5516168029016608,-1.1046867285492419,-0.5530699491500854
303484.67966174806,3900717.534523456,0.20681803468649354,-1.3362578890561772,-1.1294399499893188
303485.8221142377,3900720.115596483,0.7336726671031475,-0.8143081728970255,-0.08063550293445587
303486.6223579589,3900721.976265411,0.7094727732652634,-1.1113338899938394,-0.4018611013889313
303487.5700793216,3900724.1177513893,0.7887917067357686,-1.0946426152096207,-0.30585095286369324
303488.46067467204,3900726.124093393,0.6046887601348351,-0.9868640443758178,-0.38217535614967346
303489.2059214707,3900727.8531613145,0.895685714711202,-0.1787509864581261,0.7169346809387207
303490.0820680596,3900729.8702965444,1.844000598298291,-0.2282142559320064,1.6157863140106201
303491.04457419284,3900731.9990544226,1.6431129954205799,0.907228520965112,2.5503416061401367
303491.90057644376,3900733.8323859656,1.472995608197188,0.1376171059966499,1.6106126308441162
303492.85008813906,3900735.788575753,3.1024209045210625,2.3806496286032504,5.483070373535156
303494.1671316464,3900738.2221673005,6.837412948833686,6.94750577985736,13.784918785095215
303495.30246257613,3900740.003182067,7.485331523690265,1.2818717607380103,8.767203330993652
303496.5887916981,3900741.676304233,9.863465935131659,6.785194445081646,16.64866065979004
303498.3477289692,3900743.5122762267,9.176615282006006,7.681697754780839,16.858312606811523
303500.1085210119,3900744.9084934164,10.239678731031484,3.0433884332982886,13.283066749572754
303501.78183502814,3900745.9589387937,8.154378434970633,3.297908815973055,11.452286720275879
303503.4258019105,3900746.792856189,8.806341335589506,8.088272449088665,16.89461326599121
303505.6017685478,3900747.599072383,10.792010516001028,3.4495315450279334,14.241541862487793
303507.1225099317,3900747.9765497446,11.111333812530171,8.498909398405354,19.61024284362793
303509.6365086819,3900748.310689243,9.992491623647785,8.621734982702401,18.614225387573242
303511.8983069609,3900748.3086783774,11.627594514719233,12.56652098312702,24.194114685058594
303514.7045576797,3900747.8911748296,8.734305037960674,2.0351028879729007,10.769408226013184
303516.85306023294,3900747.2843426946,7.088185051757996,3.0873641793825923,10.175549507141113
303519.11963209265,3900746.4415193964,2.6823465547621184,-0.24286650580556468,2.4394800662994385
303521.5018180908,3900745.4614279517,1.6827116574639636,-0.14904785445948934,1.5336638689041138
303523.2255177756,3900744.73683493,1.7768970846323833,-0.5248412874164472,1.2520557641983032
303525.56188627146,3900743.735081758,1.1973265052528288,-0.6927718935275244,0.5045545697212219
303527.4243580796,3900742.9207106787,1.0230170894263415,-0.9128341852829883,0.11018295586109161
303529.90594666847,3900741.825817761,0.9007489125985912,-0.7041549907487324,0.1965939998626709
303532.83777553187,3900740.525180548,0.8528298528465156,-0.6993255667578574,0.15350431203842163
303535.30455361394,3900739.4270960907,0.605600483667326,-0.8180389502877334,-0.21243847906589508
303537.1803665253,3900738.6035663346,0.8028774777950389,-0.722282419527652,0.08059504628181458
303539.5362987026,3900737.561963012,0.9270884699156876,-0.7703552118969059,0.15673324465751648
303541.8709005815,3900736.5194800184,0.9626167661005668,-0.757720962757969,0.20489585399627686
303544.33054788574,3900735.4092305386,0.7673253293089176,-0.7753829781779757,-0.00805765762925148
303546.45604477706,3900734.4481212334,0.880535234554203,-0.7679443152024501,0.11259090155363083
303549.0152664079,3900733.291566114,0.6508247136267142,-0.9847335589633027,-0.3339088559150696
303550.96111789055,3900732.411093793,0.43851188513443795,-0.906394917721253,-0.46788305044174194
303553.3810700972,3900731.321623054,0.5529475692119026,-0.7593765365797567,-0.20642897486686707
303555.99194801546,3900730.151914057,0.5482101393314112,-0.6336135974136341,-0.0854034423828125
303558.969768752,3900728.830485565,0.5969448730807744,-0.5914535610706428,0.005491300020366907
303561.01338212495,3900727.9215615634,0.6754991988902084,-0.5700607148990753,0.10543849319219589
303563.0409442013,3900727.0196079873,0.5941468433985964,-0.648986805770599,-0.05483999848365784
303565.67078460864,3900725.8522808608,0.5148335661784976,-0.9061966287919111,-0.3913630247116089
303567.98551803373,3900724.834501532,0.5766520075306963,-0.873489360816806,-0.29683735966682434
303570.1365878567,3900723.8848862983,0.8141536932279069,-0.8421554411125493,-0.02800176665186882
303572.28286219446,3900722.940507279,0.8419033110826406,-0.8366012700177125,0.005302033852785826
303575.0270421414,3900721.726961503,5.13479876045854,-0.7592773387542328,4.375521659851074
303577.43642428145,3900720.5894550616,0.3719307475379041,-2.433990417813288,-2.0620596408843994
303579.5482242983,3900719.591768336,-0.6745523105556624,-1.5942763958030484,-2.268828868865967
303581.53336352087,3900718.7004760434,-0.003209381618565189,-0.8130188146086269,-0.8162281513214111
303583.7024057386,3900717.747738044,0.8469483129191941,-0.24733734486501405,0.5996109843254089
303586.34070214804,3900716.565249861,0.6627325614752496,-0.49069978643734513,0.17203281819820404
303588.5475701453,3900715.574544838,0.4477632963239409,-0.6272735810382756,-0.17951026558876038
303591.061336432,3900714.4638530654,0.7879816889888874,-0.5683212044556906,0.2196604609489441
303593.40033402096,3900713.4173025745,0.727842460316307,-0.6895675743114363,0.038274917751550674
303596.05621793045,3900712.2310103416,0.6859064328337509,-0.7984161369674041,-0.11250969022512436
303597.928475471,3900711.392337408,0.5962348002113576,-0.957961992181203,-0.361727237701416
303600.08506657847,3900710.437466646,0.9786864936703142,-0.8552703648143258,0.12341611832380295
303602.0183154474,3900709.57723064,0.6126815755676309,-1.0292739695928963,-0.41659238934516907
303604.5508301443,3900708.4390755733,-0.15625945366575178,-1.071907049896764,-1.2281664609909058
303606.56702208635,3900707.562018061,0.30725277812057084,-0.5336990289137489,-0.2264462560415268
303609.0906191941,3900706.4687553165,0.5960535867549407,-0.2855911266525663,0.31046247482299805
303611.82471492095,3900705.2699204823,0.7531871045312557,-0.4111709580519943,0.34201616048812866
303614.5243594439,3900704.076199779,0.6259367849516572,-0.5947723393161815,0.03116445615887642
303616.4730105774,3900703.212539238,0.3289867869050952,-0.6385345352672167,-0.3095477521419525
303617.8185048274,3900702.6243050806,0.3534175998338639,-0.5625076462549519,-0.20909003913402557
303619.0092562237,3900702.1142004337,0.5944285353410065,-0.48101804664970493,0.11341048032045364
