Posterior Heading,Desired Heading,Heading Error,Absolute Heading Error,Average Heading Error
114.5042725,114.4878769,-0.016395569,0.016395569,2.141052112
114.5702209,114.4706421,-0.099578857,0.099578857,
114.5702209,114.3647995,-0.205421448,0.205421448,
114.5537567,114.4737167,-0.080039978,0.080039978,
114.5537567,114.4335938,-0.120162964,0.120162964,
114.5031509,114.3777313,-0.125419617,0.125419617,
114.5031509,114.597374,0.094223022,0.094223022,
114.479805,114.7658997,0.286094666,0.286094666,
114.479805,114.7851563,0.305351257,0.305351257,
114.5542297,114.7542648,0.200035095,0.200035095,
114.5542297,115.1072311,0.553001404,0.553001404,
114.7052994,115.0460587,0.340759277,0.340759277,
114.7052994,114.9637222,0.258422852,0.258422852,
114.8567276,114.795845,-0.060882568,0.060882568,
114.8567276,114.8260345,-0.030693054,0.030693054,
114.8383865,114.8957596,0.057373047,0.057373047,
114.8383865,115.0258179,0.187431335,0.187431335,
114.8383865,115.1262512,0.287864685,0.287864685,
114.8437958,114.8933182,0.0495224,0.0495224,
114.8437958,114.8663635,0.022567749,0.022567749,
114.9209518,114.808815,-0.112136841,0.112136841,
114.9209518,115.1123428,0.191390991,0.191390991,
114.8832855,115.2135162,0.330230713,0.330230713,
114.8832855,115.2737732,0.390487671,0.390487671,
114.9581909,115.3884888,0.430297852,0.430297852,
115.1331482,115.5461807,0.413032532,0.413032532,
115.3071213,115.3114929,0.004371643,0.004371643,
115.3071213,115.0071106,-0.300010681,0.300010681,
115.3638992,114.8750229,-0.488876343,0.488876343,
115.3638992,114.3649216,-0.998977661,0.998977661,
115.2111588,113.8679657,-1.343193054,1.343193054,
114.8334351,114.3279724,-0.505462646,0.505462646,
114.8334351,114.3803482,-0.453086853,0.453086853,
114.5457993,114.9036331,0.357833862,0.357833862,
114.5942383,115.2837906,0.689552307,0.689552307,
114.8821793,115.2458344,0.36365509,0.36365509,
114.8821793,115.2165527,0.334373474,0.334373474,
115.0144272,114.962059,-0.052368164,0.052368164,
115.043808,114.6292877,-0.414520264,0.414520264,
115.043808,114.8138046,-0.230003357,0.230003357,
114.9803848,114.7283325,-0.252052307,0.252052307,
114.9803848,114.6883011,-0.29208374,0.29208374,
114.9170074,114.5677719,-0.349235535,0.349235535,
114.8528366,114.6963654,-0.156471252,0.156471252,
114.8528366,114.8078079,-0.045028687,0.045028687,
114.7851105,114.6053391,-0.179771423,0.179771423,
114.7851105,114.6502457,-0.134864807,0.134864807,
114.8051605,114.5252457,-0.279914856,0.279914856,
114.7446289,114.6722031,-0.072425842,0.072425842,
114.7446289,114.3030624,-0.441566467,0.441566467,
114.6535797,114.4436188,-0.209960938,0.209960938,
114.6535797,114.3291702,-0.324409485,0.324409485,
114.5376892,114.3676682,-0.170021057,0.170021057,
114.4655991,114.3534622,-0.112136841,0.112136841,
114.4655991,114.4518661,-0.01373291,0.01373291,
114.4356003,114.553894,0.118293762,0.118293762,
114.4356003,114.7353287,0.299728394,0.299728394,
114.4993286,114.7905731,0.291244507,0.291244507,
114.4993286,114.7857666,0.286437988,0.286437988,
114.6149597,114.5923233,-0.022636414,0.022636414,
114.6149597,114.6898117,0.07485199,0.07485199,
114.6615906,114.7397156,0.078125,0.078125,
114.6810532,114.4591751,-0.221878052,0.221878052,
114.6810532,114.248497,-0.432556152,0.432556152,
114.5756073,114.467453,-0.108154297,0.108154297,
114.5756073,114.4942093,-0.08139801,0.08139801,
114.5128479,114.6560898,0.143241882,0.143241882,
114.5564499,115.0060577,0.449607849,0.449607849,
114.5564499,115.06353,0.507080078,0.507080078,
114.7457123,114.9366455,0.190933228,0.190933228,
114.7457123,115.4281845,0.682472229,0.682472229,
114.9000015,115.2586899,0.358688354,0.358688354,
115.0377579,115.1497421,0.111984253,0.111984253,
115.0377579,115.0489044,0.011146545,0.011146545,
115.0118942,114.9401321,-0.071762085,0.071762085,
114.9681931,114.8670578,-0.101135254,0.101135254,
114.9681931,114.9250641,-0.043128967,0.043128967,
114.9809952,114.9863205,0.005325317,0.005325317,
114.9809952,114.9878082,0.006813049,0.006813049,
114.936554,114.9131088,-0.023445129,0.023445129,
114.9273758,115.3595657,0.432189941,0.432189941,
114.9273758,115.2582321,0.330856323,0.330856323,
115.0328293,115.0782013,0.045372009,0.045372009,
115.0328293,115.3582764,0.325447083,0.325447083,
115.1653137,115.2547226,0.089408875,0.089408875,
115.2210617,115.109314,-0.111747742,0.111747742,
115.2210617,114.9509964,-0.270065308,0.270065308,
115.1491852,114.8072357,-0.341949463,0.341949463,
115.0830307,115.1710052,0.087974548,0.087974548,
115.0830307,115.3514862,0.268455505,0.268455505,
115.0947113,115.3976364,0.30292511,0.30292511,
115.0947113,115.4788513,0.384140015,0.384140015,
115.2165604,115.5797501,0.363189697,0.363189697,
115.3375702,115.5330734,0.195503235,0.195503235,
115.3375702,114.8480301,-0.4895401,0.4895401,
115.3277664,114.8429337,-0.484832764,0.484832764,
115.3277664,114.9988098,-0.328956604,0.328956604,
115.1429901,114.7298889,-0.413101196,0.413101196,
115.1429901,114.796608,-0.346382141,0.346382141,
115.049614,114.8854599,-0.164154053,0.164154053,
115.049614,114.9614105,-0.08820343,0.08820343,
115.018074,114.9908142,-0.027259827,0.027259827,
115.018074,114.9133606,-0.10471344,0.10471344,
115.0270386,114.9814453,-0.045593262,0.045593262,
115.0270386,114.9877853,-0.039253235,0.039253235,
115.0321198,115.0402527,0.008132935,0.008132935,
115.030777,114.8664093,-0.164367676,0.164367676,
115.030777,114.7718277,-0.25894928,0.25894928,
114.9983444,114.8414078,-0.156936646,0.156936646,
114.9659119,114.5075073,-0.458404541,0.458404541,
114.9659119,114.4637833,-0.502128601,0.502128601,
114.8608246,114.321022,-0.539802551,0.539802551,
114.8608246,114.1950836,-0.665740967,0.665740967,
114.6538239,114.233017,-0.420806885,0.420806885,
114.4836426,114.2442627,-0.239379883,0.239379883,
114.4836426,114.6169739,0.133331299,0.133331299,
114.4569397,114.7856827,0.328742981,0.328742981,
114.4569397,114.9055405,0.448600769,0.448600769,
114.5755234,114.8865891,0.311065674,0.311065674,
114.7219467,114.7876968,0.065750122,0.065750122,
114.7219467,114.8097076,0.087760925,0.087760925,
114.7658539,114.8248978,0.059043884,0.059043884,
114.7658539,114.9744339,0.208580017,0.208580017,
114.7913589,115.0569611,0.265602112,0.265602112,
114.7913589,115.0571976,0.265838623,0.265838623,
114.870018,114.9742584,0.104240417,0.104240417,
114.9513016,115.0381851,0.086883545,0.086883545,
115.0025101,114.9203339,-0.082176208,0.082176208,
115.0025101,114.9699326,-0.032577515,0.032577515,
115.0341644,115.0549164,0.020751953,0.020751953,
115.0452271,115.2305984,0.185371399,0.185371399,
115.0452271,115.2199936,0.174766541,0.174766541,
115.0965271,115.176178,0.079650879,0.079650879,
115.0965271,115.3978424,0.301315308,0.301315308,
115.173996,115.1836395,0.009643555,0.009643555,
115.2307358,115.4592285,0.228492737,0.228492737,
115.2307358,115.1494141,-0.081321716,0.081321716,
115.2592468,115.1806717,-0.078575134,0.078575134,
115.2592468,115.4008636,0.141616821,0.141616821,
115.2491837,115.5715714,0.322387695,0.322387695,
115.2491837,115.4194565,0.170272827,0.170272827,
115.3476715,115.5551987,0.207527161,0.207527161,
115.4641876,115.3273849,-0.136802673,0.136802673,
115.4641876,115.6042252,0.140037537,0.140037537,
115.4601593,115.3845139,-0.075645447,0.075645447,
115.4601593,115.3200073,-0.140151978,0.140151978,
115.4603882,115.4257889,-0.034599304,0.034599304,
115.4090652,115.2252579,-0.183807373,0.183807373,
115.4090652,115.089653,-0.319412231,0.319412231,
115.3357239,115.1214371,-0.214286804,0.214286804,
115.3357239,114.6126862,-0.72303772,0.72303772,
115.3211594,114.7320099,-0.589149475,0.589149475,
115.0570679,114.6951141,-0.361953735,0.361953735,
115.0570679,114.8995819,-0.157485962,0.157485962,
114.9494705,114.6143265,-0.335144043,0.335144043,
114.9494705,114.5163269,-0.433143616,0.433143616,
114.9250717,114.4027634,-0.52230835,0.52230835,
114.9250717,114.1604538,-0.76461792,0.76461792,
114.7695465,114.6016693,-0.167877197,0.167877197,
114.6220856,114.6974487,0.075363159,0.075363159,
114.6220856,114.6536026,0.031517029,0.031517029,
114.5973129,114.7223587,0.125045776,0.125045776,
114.5973129,115.1007919,0.503479004,0.503479004,
114.6790237,114.9958267,0.316802979,0.316802979,
114.6790237,115.1599503,0.480926514,0.480926514,
114.856781,114.8875275,0.03074646,0.03074646,
114.856781,114.1836929,-0.673088074,0.673088074,
114.905899,114.0118866,-0.894012451,0.894012451,
114.6361771,114.3630905,-0.273086548,0.273086548,
114.501236,114.3205414,-0.18069458,0.18069458,
114.4856873,114.3921127,-0.093574524,0.093574524,
114.4574356,114.5989304,0.141494751,0.141494751,
114.4574356,114.5419998,0.084564209,0.084564209,
114.5004578,114.4349136,-0.065544128,0.065544128,
114.5557251,114.242485,-0.313240051,0.313240051,
114.4464874,114.115921,-0.330566406,0.330566406,
114.4464874,113.9722672,-0.474220276,0.474220276,
114.3477783,114.2550201,-0.092758179,0.092758179,
114.2812805,114.5623016,0.281021118,0.281021118,
114.2812805,115.1564407,0.875160217,0.875160217,
114.4494629,115.1483307,0.698867798,0.698867798,
114.4494629,115.4336853,0.984222412,0.984222412,
114.7499771,115.2101669,0.460189819,0.460189819,
114.7499771,115.4320908,0.682113647,0.682113647,
114.9804993,115.2142792,0.233779907,0.233779907,
115.1529617,115.2116699,0.058708191,0.058708191,
115.1529617,115.1246719,-0.028289795,0.028289795,
115.2587051,115.134758,-0.123947144,0.123947144,
115.1878128,115.2330551,0.04524231,0.04524231,
115.1878128,115.0285873,-0.159225464,0.159225464,
115.1914444,114.9021149,-0.289329529,0.289329529,
115.148941,114.997757,-0.151184082,0.151184082,
115.148941,114.7243729,-0.424568176,0.424568176,
115.1038132,114.7842102,-0.319602966,0.319602966,
115.1038132,114.9744644,-0.129348755,0.129348755,
115.0201797,115.0264282,0.006248474,0.006248474,
115.0201797,114.9220886,-0.098091125,0.098091125,
114.982338,114.6118164,-0.370521545,0.370521545,
114.982338,114.8241272,-0.158210754,0.158210754,
114.9219208,114.7385254,-0.183395386,0.183395386,
114.8830795,114.7571793,-0.125900269,0.125900269,
114.8830795,115.1938553,0.310775757,0.310775757,
114.9975662,115.4270554,0.429489136,0.429489136,
114.9975662,115.8662796,0.868713379,0.868713379,
115.2471085,115.7492905,0.502182007,0.502182007,
115.4816971,116.0460663,0.564369202,0.564369202,
115.4816971,115.7865219,0.304824829,0.304824829,
115.6536636,115.8076172,0.153953552,0.153953552,
115.6536636,115.7707901,0.117126465,0.117126465,
115.7502899,115.3769989,-0.373291016,0.373291016,
115.7502899,115.522438,-0.227851868,0.227851868,
115.6988373,115.5847092,-0.114128113,0.114128113,
115.6211243,115.6870193,0.065895081,0.065895081,
115.6211243,115.8258514,0.204727173,0.204727173,
115.6310806,115.6714096,0.040328979,0.040328979,
115.6310806,115.3245239,-0.306556702,0.306556702,
115.663765,115.1109772,-0.552787781,0.552787781,
115.5397339,114.9104309,-0.629302979,0.629302979,
115.5397339,114.5934753,-0.946258545,0.946258545,
115.3008881,114.8009644,-0.499923706,0.499923706,
115.3008881,114.7116241,-0.589263916,0.589263916,
115.0755768,114.603653,-0.471923828,0.471923828,
115.0755768,114.482048,-0.593528748,0.593528748,
114.939827,114.3385086,-0.601318359,0.601318359,
114.730278,114.209938,-0.520339966,0.520339966,
114.730278,114.2812119,-0.449066162,0.449066162,
114.5871277,114.3625641,-0.224563599,0.224563599,
114.5871277,114.6115036,0.024375916,0.024375916,
114.4901733,114.9093094,0.419136047,0.419136047,
114.612114,114.6503372,0.038223267,0.038223267,
114.612114,114.5264435,-0.085670471,0.085670471,
114.650032,114.5221252,-0.127906799,0.127906799,
114.650032,114.5125351,-0.137496948,0.137496948,
114.668251,114.555481,-0.112770081,0.112770081,
114.668251,114.463356,-0.20489502,0.20489502,
114.6067657,114.5261612,-0.080604553,0.080604553,
114.6067657,114.6206741,0.013908386,0.013908386,
114.5887299,114.5281906,-0.060539246,0.060539246,
114.5887299,114.4477844,-0.140945435,0.140945435,
114.5818634,114.5010071,-0.080856323,0.080856323,
114.5552139,114.6060333,0.050819397,0.050819397,
114.5552139,114.6589279,0.103713989,0.103713989,
114.5600739,114.7186432,0.158569336,0.158569336,
114.5600739,114.831871,0.27179718,0.27179718,
114.6317825,114.8502884,0.218505859,0.218505859,
114.7495193,114.55513,-0.194389343,0.194389343,
114.7495193,114.5682068,-0.181312561,0.181312561,
114.7272415,114.6268158,-0.10042572,0.10042572,
114.7303238,114.5033417,-0.226982117,0.226982117,
114.7303238,114.3166275,-0.413696289,0.413696289,
114.6715851,114.9659729,0.294387817,0.294387817,
114.6847534,114.944191,0.259437561,0.259437561,
114.6847534,115.6182251,0.93347168,0.93347168,
114.8773956,116.2259827,1.348587036,1.348587036,
114.8773956,120.7965469,5.919151306,5.919151306,
115.5370407,122.674263,7.13722229,7.13722229,
117.5493317,125.1208725,7.571540833,7.571540833,
117.5493317,137.6662292,20.11689758,20.11689758,
120.3136292,140.7442017,20.43057251,20.43057251,
120.3136292,144.9700012,24.65637207,24.65637207,
125.5707245,144.2476807,18.67695618,18.67695618,
125.5707245,165.5746613,40.00393677,40.00393677,
132.7147369,165.359314,32.64457703,32.64457703,
132.7147369,169.6281738,36.91343689,36.91343689,
142.1678467,165.3197021,23.15185547,23.15185547,
142.1678467,189.660553,47.4927063,47.4927063,
152.8280029,187.5708313,34.74282837,34.74282837,
152.8280029,191.9899597,39.16195679,39.16195679,
164.1647644,189.6049042,25.44013977,25.44013977,
164.1647644,214.4441681,50.27940369,50.27940369,
176.505661,211.2705383,34.76487732,34.76487732,
188.9459686,206.0614014,17.11543274,17.11543274,
188.9459686,220.1220856,31.17611694,31.17611694,
200.6486206,212.4357758,11.78715515,11.78715515,
211.1824646,211.8677826,0.685317993,0.685317993,
211.1824646,203.2596588,-7.922805786,7.922805786,
215.9720917,196.6564789,-19.31561279,19.31561279,
215.9720917,193.8360901,-22.13600159,22.13600159,
214.1656189,192.7734222,-21.39219666,21.39219666,
206.6634979,196.2207031,-10.4427948,10.4427948,
206.6634979,196.3522797,-10.31121826,10.31121826,
199.2397461,202.3786316,3.138885498,3.138885498,
199.2397461,203.7727051,4.532958984,4.532958984,
196.8580322,207.8136597,10.95562744,10.95562744,
196.8580322,209.4428864,12.58485413,12.58485413,
199.7527008,209.0892792,9.336578369,9.336578369,
199.7527008,209.6186218,9.865921021,9.865921021,
203.7698822,206.9049377,3.135055542,3.135055542,
203.7698822,206.7183838,2.948501587,2.948501587,
206.2431641,204.1769409,-2.066223145,2.066223145,
206.2431641,203.6409912,-2.602172852,2.602172852,
206.4108429,202.7447662,-3.66607666,3.66607666,
205.3279877,203.3499146,-1.97807312,1.97807312,
205.3279877,203.2603912,-2.067596436,2.067596436,
204.3968658,204.4402008,0.043334961,0.043334961,
204.1261139,204.1748352,0.048721313,0.048721313,
204.1261139,204.8242493,0.698135376,0.698135376,
204.3956757,206.0224609,1.626785278,1.626785278,
204.3956757,204.9563751,0.560699463,0.560699463,
204.7299042,204.3852386,-0.344665527,0.344665527,
204.7299042,204.9517517,0.221847534,0.221847534,
204.7831879,205.2008362,0.417648315,0.417648315,
204.870285,204.8035278,-0.066757202,0.066757202,
204.870285,204.9173584,0.047073364,0.047073364,
204.9203186,204.752243,-0.168075562,0.168075562,
204.9203186,204.8722229,-0.048095703,0.048095703,
204.9107361,204.9579315,0.047195435,0.047195435,
204.9192047,204.7685699,-0.150634766,0.150634766,
204.9192047,204.4513702,-0.467834473,0.467834473,
204.8698425,204.4483337,-0.421508789,0.421508789,
204.8698425,204.3274689,-0.542373657,0.542373657,
204.7119446,203.7988586,-0.913085938,0.913085938,
204.442627,204.352005,-0.090621948,0.090621948,
204.36026,205.011261,0.651000977,0.651000977,
204.36026,205.3542633,0.994003296,0.994003296,
204.5952911,205.3852081,0.789916992,0.789916992,
204.5952911,205.5944519,0.999160767,0.999160767,
204.9189911,205.4361572,0.517166138,0.517166138,
204.9189911,205.4193268,0.500335693,0.500335693,
205.1331635,205.0157318,-0.117431641,0.117431641,
205.1391144,204.7582703,-0.380844116,0.380844116,
205.1391144,204.8647766,-0.274337769,0.274337769,
205.0373383,205.0495758,0.012237549,0.012237549,
205.0373383,204.9426727,-0.094665527,0.094665527,
204.9841766,204.7752533,-0.20892334,0.20892334,
204.9841766,204.7626953,-0.221481323,0.221481323,
204.9160919,204.8562775,-0.059814453,0.059814453,
204.9160919,204.9855957,0.069503784,0.069503784,
204.8950195,204.880127,-0.014892578,0.014892578,
204.8950195,205.1445618,0.249542236,0.249542236,
204.9235229,205.3011475,0.377624512,0.377624512,
204.9235229,205.4415436,0.51802063,0.51802063,
205.0609283,205.2623444,0.201416016,0.201416016,
205.1899719,205.3112335,0.121261597,0.121261597,
205.2744141,205.089035,-0.185379028,0.185379028,
205.2744141,205.2618256,-0.012588501,0.012588501,
205.2786865,205.1034241,-0.175262451,0.175262451,
205.2786865,204.6852417,-0.593444824,0.593444824,
205.2200623,204.708374,-0.511688232,0.511688232,
205.009552,204.4434967,-0.566055298,0.566055298,
205.009552,204.4013977,-0.608154297,0.608154297,
204.8044891,204.9756012,0.171112061,0.171112061,
204.8044891,205.0139465,0.209457397,0.209457397,
204.8279572,204.9653778,0.137420654,0.137420654,
204.9023895,205.0348511,0.132461548,0.132461548,
204.9023895,205.0802307,0.177841187,0.177841187,
204.9458313,205.0535583,0.107727051,0.107727051,
204.9458313,205.0841217,0.138290405,0.138290405,
204.9503174,205.1279755,0.177658081,0.177658081,
205.0043793,205.4404144,0.436035156,0.436035156,
205.0043793,205.3891907,0.384811401,0.384811401,
205.1393738,205.1945801,0.055206299,0.055206299,
205.1393738,205.4237671,0.284393311,0.284393311,
205.1992645,205.0430908,-0.156173706,0.156173706,
205.1303101,204.8718567,-0.258453369,0.258453369,
205.1303101,204.8923492,-0.237960815,0.237960815,
205.0048828,204.9057159,-0.09916687,0.09916687,
205.0048828,204.7731934,-0.231689453,0.231689453,
204.9006805,204.701767,-0.198913574,0.198913574,
204.8276672,204.6064606,-0.221206665,0.221206665,
204.8276672,204.5437317,-0.283935547,0.283935547,
204.7240143,204.2494049,-0.474609375,0.474609375,
204.7240143,204.000473,-0.72354126,0.72354126,
204.5803223,203.9617462,-0.61857605,0.61857605,
204.3294678,203.9364624,-0.393005371,0.393005371,
204.3294678,204.2965851,-0.03288269,0.03288269,
204.2443085,204.58255,0.338241577,0.338241577,
204.2443085,204.7835388,0.539230347,0.539230347,
204.3206482,204.9626617,0.64201355,0.64201355,
204.3206482,204.8533325,0.532684326,0.532684326,
204.601181,204.584137,-0.017044067,0.017044067,
204.601181,204.6589813,0.057800293,0.057800293,
204.6452789,204.6791077,0.033828735,0.033828735,
204.6452789,204.5650482,-0.080230713,0.080230713,
204.663269,204.8504639,0.187194824,0.187194824,
204.6727905,204.2952118,-0.377578735,0.377578735,
204.6042938,204.241684,-0.362609863,0.362609863,
204.6042938,203.9556122,-0.648681641,0.648681641,
204.4884033,204.350769,-0.137634277,0.137634277,
204.4884033,204.061676,-0.426727295,0.426727295,
204.3618011,204.1001282,-0.261672974,0.261672974,
204.3618011,204.4160004,0.054199219,0.054199219,
204.2625122,205.0378571,0.775344849,0.775344849,
204.4813385,204.9645691,0.483230591,0.483230591,
204.4813385,204.8481903,0.366851807,0.366851807,
204.7266083,204.6123352,-0.114273071,0.114273071,
204.7266083,204.6202545,-0.10635376,0.10635376,
204.7657776,204.2375946,-0.528182983,0.528182983,
204.6083221,204.2475739,-0.360748291,0.360748291,
204.5505066,204.9711304,0.420623779,0.420623779,
204.5505066,204.7059174,0.155410767,0.155410767,
204.7141113,204.4944153,-0.219696045,0.219696045,
204.6966705,204.3422546,-0.354415894,0.354415894,
204.5747528,204.9082642,0.333511353,0.333511353,
204.6417999,205.2083282,0.56652832,0.56652832,
204.6417999,205.3245087,0.68270874,0.68270874,
204.9183807,205.4603119,0.541931152,0.541931152,
205.120224,205.332489,0.212265015,0.212265015,
205.120224,204.8014679,-0.318756104,0.318756104,
205.1193848,204.5229187,-0.596466064,0.596466064,
204.9378662,204.3991547,-0.538711548,0.538711548,
204.9378662,204.4051819,-0.532684326,0.532684326,
204.7959137,204.5774231,-0.218490601,0.218490601,
204.7088776,204.9200592,0.211181641,0.211181641,
204.7088776,204.8004913,0.09161377,0.09161377,
204.7443237,204.9686279,0.224304199,0.224304199,
204.7443237,204.9558716,0.211547852,0.211547852,
204.8223114,204.9479218,0.125610352,0.125610352,
204.8223114,205.1805267,0.358215332,0.358215332,
204.9130707,204.8318634,-0.081207275,0.081207275,
204.9359741,204.7936707,-0.142303467,0.142303467,
204.9359741,204.7572479,-0.178726196,0.178726196,
204.9409485,204.8521729,-0.088775635,0.088775635,
204.9113617,204.4437866,-0.467575073,0.467575073,
204.9113617,204.4661102,-0.445251465,0.445251465,
204.7112732,204.5364227,-0.174850464,0.174850464,
204.603302,203.8078461,-0.795455933,0.795455933,
204.603302,203.7428894,-0.860412598,0.860412598,
204.3852844,203.7716827,-0.613601685,0.613601685,
204.3852844,203.6899567,-0.695327759,0.695327759,
204.1026154,203.9458008,-0.156814575,0.156814575,
204.0783539,204.8484497,0.770095825,0.770095825,
204.0783539,205.3515778,1.273223877,1.273223877,
204.4464417,204.8418579,0.39541626,0.39541626,
204.4464417,204.9872742,0.54083252,0.54083252,
204.6732178,204.3669891,-0.306228638,0.306228638,
204.6732178,204.217041,-0.456176758,0.456176758,
204.6415253,204.0865784,-0.554946899,0.554946899,
204.6415253,203.8435669,-0.797958374,0.797958374,
204.5007019,203.555542,-0.945159912,0.945159912,
204.2456665,203.7513885,-0.494277954,0.494277954,
204.2456665,203.7179718,-0.527694702,0.527694702,
204.0706024,203.3063965,-0.764205933,0.764205933,
204.0706024,203.2429657,-0.827636719,0.827636719,
203.8227234,203.6822205,-0.14050293,0.14050293,
203.8227234,203.7960358,-0.026687622,0.026687622,
203.6961517,204.1833801,0.487228394,0.487228394,
203.8177948,204.6099701,0.792175293,0.792175293,
203.8177948,205.059906,1.242111206,1.242111206,
204.1394958,204.7127533,0.573257446,0.573257446,
204.1394958,204.7849121,0.64541626,0.64541626,
204.4158173,204.5364838,0.120666504,0.120666504,
204.5289001,203.9848633,-0.544036865,0.544036865,
204.5289001,204.008194,-0.520706177,0.520706177,
204.3255768,203.7725067,-0.553070068,0.553070068,
204.3255768,203.8598175,-0.465759277,0.465759277,
204.1207275,204.2774048,0.156677246,0.156677246,
204.1207275,204.8831787,0.762451172,0.762451172,
204.139267,205.0118866,0.872619629,0.872619629,
204.3977203,204.8797607,0.482040405,0.482040405,
204.3977203,204.8158722,0.418151855,0.418151855,
204.6035767,204.9911346,0.387557983,0.387557983,
204.6035767,204.6915131,0.087936401,0.087936401,
204.6708832,204.8851929,0.214309692,0.214309692,
204.6648102,205.3655701,0.700759888,0.700759888,
204.842926,206.0276337,1.184707642,1.184707642,
204.842926,206.1731262,1.330200195,1.330200195,
205.2722626,206.0341492,0.761886597,0.761886597,
205.2722626,206.0438843,0.771621704,0.771621704,
205.5133667,205.7408142,0.22744751,0.22744751,
205.5133667,205.7521057,0.238739014,0.238739014,
205.6361237,205.6696472,0.03352356,0.03352356,
205.6699524,205.486557,-0.183395386,0.183395386,
205.6699524,205.3054352,-0.364517212,0.364517212,
205.5560303,204.9076385,-0.648391724,0.648391724,
205.5560303,204.6593323,-0.896697998,0.896697998,
205.2837982,204.9333344,-0.350463867,0.350463867,
205.2837982,204.9978027,-0.285995483,0.285995483,
205.0723267,204.7742767,-0.298049927,0.298049927,
205.0335388,204.6810913,-0.35244751,0.35244751,
205.0335388,204.5295105,-0.50402832,0.50402832,
204.8878937,204.6138153,-0.274078369,0.274078369,
204.8878937,204.3183899,-0.569503784,0.569503784,
204.7396698,203.772049,-0.96762085,0.96762085,
204.4559174,204.486969,0.031051636,0.031051636,
204.3023834,204.0745239,-0.227859497,0.227859497,
204.3023834,204.1312408,-0.171142578,0.171142578,
204.3067017,204.9832306,0.676528931,0.676528931,
204.3067017,204.4367218,0.130020142,0.130020142,
204.5023041,203.9294891,-0.572814941,0.572814941,
204.4208221,203.9572296,-0.463592529,0.463592529,
204.4208221,203.7730255,-0.647796631,0.647796631,
204.2832336,203.9108887,-0.372344971,0.372344971,
204.2832336,203.9322205,-0.351013184,0.351013184,
204.1602173,204.1047516,-0.055465698,0.055465698,
204.0873718,204.1916351,0.104263306,0.104263306,
204.0873718,204.832489,0.745117188,0.745117188,
204.1301422,204.8968658,0.766723633,0.766723633,
204.1301422,204.8968048,0.766662598,0.766662598,
204.3918304,204.6381378,0.246307373,0.246307373,
204.3918304,204.3453979,-0.046432495,0.046432495,
204.550827,204.766571,0.215744019,0.215744019,
204.550827,204.9295502,0.378723145,0.378723145,
204.5904236,204.3783875,-0.212036133,0.212036133,
204.5904236,204.8730621,0.28263855,0.28263855,
204.6221161,205.7817383,1.159622192,1.159622192,
204.8450928,205.824707,0.979614258,0.979614258,
204.8450928,206.4673615,1.622268677,1.622268677,
205.216568,206.4368744,1.220306396,1.220306396,
205.216568,206.4314575,1.214889526,1.214889526,
205.5938568,206.1216888,0.527832031,0.527832031,
205.800827,206.0030518,0.202224731,0.202224731,
205.800827,205.5617981,-0.239028931,0.239028931,
205.8122101,205.4102631,-0.401947021,0.401947021,
205.8122101,205.0800934,-0.732116699,0.732116699,
205.6835632,204.9285126,-0.755050659,0.755050659,
205.6835632,204.7384644,-0.945098877,0.945098877,
205.4333801,204.9672241,-0.466156006,0.466156006,
205.4333801,204.8400421,-0.593338013,0.593338013,
205.255722,205.0344696,-0.221252441,0.221252441,
205.255722,205.0841675,-0.171554565,0.171554565,
205.1460114,205.1340485,-0.011962891,0.011962891,
205.1460114,205.0358124,-0.110198975,0.110198975,
205.1238403,204.9876251,-0.13621521,0.13621521,
205.0707092,204.9269409,-0.143768311,0.143768311,
205.0707092,205.0763092,0.005599976,0.005599976,
205.0105591,205.3785248,0.367965698,0.367965698,
205.0105591,205.3891144,0.378555298,0.378555298,
205.1595612,205.3447266,0.185165405,0.185165405,
205.213623,205.1010437,-0.112579346,0.112579346,
205.213623,204.5345917,-0.679031372,0.679031372,
205.2213745,204.4740295,-0.747344971,0.747344971,
204.9720917,204.7727203,-0.199371338,0.199371338,
204.9720917,204.7873383,-0.184753418,0.184753418,
204.7897186,204.8289948,0.039276123,0.039276123,
204.7897186,205.3249817,0.535263062,0.535263062,
204.8488007,205.4063873,0.55758667,0.55758667,
205.0764008,205.3214417,0.245040894,0.245040894,
205.0764008,205.0963898,0.019989014,0.019989014,
205.1699677,205.0078583,-0.162109375,0.162109375,
205.1699677,204.6833344,-0.486633301,0.486633301,
205.138504,204.2189484,-0.919555664,0.919555664,
204.9176178,204.1472015,-0.77041626,0.77041626,
204.9176178,204.0635986,-0.854019165,0.854019165,
204.6261444,203.6648254,-0.96131897,0.96131897,
204.6261444,203.5973511,-1.028793335,1.028793335,
204.3121643,203.7895966,-0.522567749,0.522567749,
204.1252441,203.922821,-0.202423096,0.202423096,
204.0307465,203.6741791,-0.356567383,0.356567383,
204.0307465,203.5033112,-0.527435303,0.527435303,
203.9060516,203.6225891,-0.283462524,0.283462524,
203.9060516,203.5927277,-0.313323975,0.313323975,
203.8176117,203.6496887,-0.167922974,0.167922974,
203.8176117,203.2827759,-0.534835815,0.534835815,
203.7162018,203.3618622,-0.3543396,0.3543396,
203.7162018,203.3434906,-0.372711182,0.372711182,
203.5844116,203.4399414,-0.144470215,0.144470215,
203.5462341,203.4323578,-0.113876343,0.113876343,
203.5462341,203.6490326,0.102798462,0.102798462,
203.5175781,203.7065277,0.188949585,0.188949585,
203.5175781,203.7495728,0.231994629,0.231994629,
203.5834808,204.5903473,1.006866455,1.006866455,
203.833252,204.4281158,0.594863892,0.594863892,
203.833252,204.3353424,0.502090454,0.502090454,
204.0296021,204.3186646,0.2890625,0.2890625,
204.0296021,205.072403,1.042800903,1.042800903,
204.2247009,205.0552979,0.830596924,0.830596924,
204.5016632,204.8929138,0.39125061,0.39125061,
204.5016632,205.4023285,0.900665283,0.900665283,
204.6689453,205.4454803,0.776535034,0.776535034,
204.6689453,205.5228119,0.853866577,0.853866577,
204.9273071,205.1195984,0.19229126,0.19229126,
205.1000214,204.9320984,-0.167922974,0.167922974,
205.1000214,204.7887268,-0.311294556,0.311294556,
205.0635223,204.899231,-0.164291382,0.164291382,
205.0635223,204.7396393,-0.323883057,0.323883057,
204.9612274,204.8739014,-0.08732605,0.08732605,
204.9612274,204.6222076,-0.339019775,0.339019775,
204.8916626,204.6664886,-0.22517395,0.22517395,
204.8916626,204.9379883,0.046325684,0.046325684,
204.883194,204.9065094,0.02331543,0.02331543,
204.9028931,204.3938293,-0.509063721,0.509063721,
204.9028931,204.5674438,-0.335449219,0.335449219,
204.797821,204.6340332,-0.163787842,0.163787842,
204.797821,204.3478394,-0.449981689,0.449981689,
204.7405243,204.8219299,0.08140564,0.08140564,
204.7405243,204.7762299,0.035705566,0.035705566,
204.7393799,204.8810883,0.141708374,0.141708374,
204.7612915,204.9009705,0.139678955,0.139678955,
204.7612915,205.0408173,0.279525757,0.279525757,
204.8557739,205.3880005,0.532226563,0.532226563,
204.8557739,204.9925385,0.136764526,0.136764526,
204.9820709,204.6492004,-0.332870483,0.332870483,
204.9338074,204.5287628,-0.405044556,0.405044556,
204.9338074,204.1363678,-0.797439575,0.797439575,
204.7471466,204.2987976,-0.448348999,0.448348999,
204.7471466,204.2085876,-0.53855896,0.53855896,
204.5572052,204.5208282,-0.036376953,0.036376953,
204.5572052,204.7017365,0.14453125,0.14453125,
204.5446777,204.6415863,0.096908569,0.096908569,
204.5446777,204.4447632,-0.099914551,0.099914551,
204.6332245,204.4259644,-0.207260132,0.207260132,
204.5583801,204.4066315,-0.151748657,0.151748657,
204.5583801,204.5558624,-0.0025177,0.0025177,
204.480423,204.786438,0.306015015,0.306015015,
204.480423,204.9193268,0.438903809,0.438903809,
204.5715485,205.100769,0.529220581,0.529220581,
204.7010345,204.9268494,0.225814819,0.225814819,
204.8121033,204.9558563,0.143753052,0.143753052,
204.8392792,204.9877777,0.148498535,0.148498535,
204.8392792,204.8349915,-0.00428772,0.00428772,
204.8879089,205.0740356,0.186126709,0.186126709,
204.9078674,204.960968,0.053100586,0.053100586,
204.9078674,204.5506439,-0.357223511,0.357223511,
204.9279327,204.3379517,-0.589981079,0.589981079,
204.7661743,204.7198792,-0.046295166,0.046295166,
204.7661743,203.9942932,-0.771881104,0.771881104,
204.5852814,204.0048218,-0.580459595,0.580459595,
204.3932343,204.1329651,-0.260269165,0.260269165,
204.3932343,204.6446991,0.251464844,0.251464844,
204.2866516,204.6528168,0.366165161,0.366165161,
204.2866516,205.0847626,0.798110962,0.798110962,
204.420105,205.4052277,0.985122681,0.985122681,
204.7654724,205.673233,0.90776062,0.90776062,
204.7654724,204.9924622,0.226989746,0.226989746,
204.9620056,204.677597,-0.284408569,0.284408569,
204.9620056,204.100769,-0.861236572,0.861236572,
204.7844238,204.0831146,-0.701309204,0.701309204,
204.7844238,203.7178345,-1.066589355,1.066589355,
204.5245209,204.3086853,-0.215835571,0.215835571,
204.3871613,204.4416199,0.054458618,0.054458618,
204.3871613,204.9869843,0.599822998,0.599822998,
204.4408112,205.0898743,0.64906311,0.64906311,
204.6418304,204.7313995,0.089569092,0.089569092,
204.6418304,204.6320801,-0.009750366,0.009750366,
204.7048645,204.2896118,-0.415252686,0.415252686,
204.6445313,204.6668243,0.022293091,0.022293091,
204.6445313,204.5308838,-0.113647461,0.113647461,
204.598999,204.6769257,0.077926636,0.077926636,
204.598999,204.6949158,0.095916748,0.095916748,
204.5893097,204.5682068,-0.021102905,0.021102905,
204.5893097,204.5550995,-0.034210205,0.034210205,
204.6655884,204.1343994,-0.531188965,0.531188965,
204.563797,203.971817,-0.59197998,0.59197998,
204.563797,203.7883148,-0.775482178,0.775482178,
204.3052368,203.9434662,-0.36177063,0.36177063,
204.3052368,204.2583313,-0.046905518,0.046905518,
204.2060089,204.3283386,0.122329712,0.122329712,
204.2669373,204.2159271,-0.051010132,0.051010132,
204.2669373,204.1477661,-0.119171143,0.119171143,
204.2923279,203.602005,-0.690322876,0.690322876,
204.1104584,203.5426178,-0.567840576,0.567840576,
204.1104584,203.7408142,-0.369644165,0.369644165,
203.9424896,204.1206512,0.178161621,0.178161621,
203.9564972,204.2901306,0.333633423,0.333633423,
203.9564972,204.3587494,0.402252197,0.402252197,
204.0730896,204.3530731,0.279983521,0.279983521,
204.0730896,204.3691864,0.296096802,0.296096802,
204.2221527,204.2384338,0.016281128,0.016281128,
204.2610016,203.9586792,-0.302322388,0.302322388,
204.2610016,203.9844971,-0.276504517,0.276504517,
204.1611023,204.2062683,0.045166016,0.045166016,
204.1611023,204.258255,0.09715271,0.09715271,
204.1371002,204.3550415,0.217941284,0.217941284,
204.1371002,204.4010162,0.263916016,0.263916016,
204.2206879,204.3718262,0.151138306,0.151138306,
204.2206879,204.3366547,0.115966797,0.115966797,
204.2955322,204.2172089,-0.078323364,0.078323364,
204.3080902,203.9570313,-0.35105896,0.35105896,
204.3080902,203.5517273,-0.756362915,0.756362915,
204.2240448,203.8573608,-0.36668396,0.36668396,
204.0368805,204.3745117,0.337631226,0.337631226,
204.0368805,204.2477417,0.210861206,0.210861206,
204.0697479,204.3313751,0.261627197,0.261627197,
204.1764679,204.584671,0.408203125,0.408203125,
204.1764679,204.3155518,0.139083862,0.139083862,
204.2536774,204.111557,-0.142120361,0.142120361,
204.2536774,203.9796753,-0.274002075,0.274002075,
204.2128296,204.1402435,-0.07258606,0.07258606,
204.2128296,204.1370239,-0.075805664,0.075805664,
204.1376953,204.3227234,0.185028076,0.185028076,
204.1643066,204.4217682,0.257461548,0.257461548,
204.1643066,205.1682587,1.003952026,1.003952026,
204.3620758,205.0193939,0.657318115,0.657318115,
204.3620758,205.1271667,0.765090942,0.765090942,
204.6545105,205.2980957,0.643585205,0.643585205,
204.6545105,208.4104309,3.75592041,3.75592041,
205.1223297,208.6530914,3.530761719,3.530761719,
205.1223297,210.1735687,5.051239014,5.051239014,
206.3575897,217.0693665,10.71177673,10.71177673,
207.909668,217.8420563,9.932388306,9.932388306,
207.909668,219.9307556,12.02108765,12.02108765,
211.2657013,219.2800751,8.014373779,8.014373779,
211.2657013,232.0268402,20.76113892,20.76113892,
214.6770325,231.4550018,16.77796936,16.77796936,
219.9511566,232.3263397,12.37518311,12.37518311,
219.9511566,235.0102997,15.05914307,15.05914307,
225.5411072,248.2296906,22.68858337,22.68858337,
225.5411072,250.9642639,25.42315674,25.42315674,
232.2408295,249.6467896,17.40596008,17.40596008,
232.2408295,265.2664185,33.02558899,33.02558899,
239.3275757,263.7388611,24.4112854,24.4112854,
246.4723053,261.6311951,15.15888977,15.15888977,
246.4723053,263.6820068,17.20970154,17.20970154,
253.3729706,273.2689819,19.89601135,19.89601135,
253.3729706,275.3015442,21.92857361,21.92857361,
259.3527527,272.1124878,12.75973511,12.75973511,
259.3527527,280.8586121,21.50585938,21.50585938,
264.9543152,277.3935852,12.43927002,12.43927002,
264.9543152,277.9272156,12.97290039,12.97290039,
269.2069702,275.2424927,6.035522461,6.035522461,
272.1004944,276.667511,4.567016602,4.567016602,
272.1004944,276.8754883,4.774993896,4.774993896,
273.9888916,274.5782776,0.589385986,0.589385986,
273.9888916,275.378479,1.389587402,1.389587402,
274.7131958,274.6503906,-0.062805176,0.062805176,
274.8177795,274.2080078,-0.609771729,0.609771729,
274.8177795,273.4597473,-1.358032227,1.358032227,
274.5897522,273.4601746,-1.129577637,1.129577637,
274.2748108,273.4552002,-0.819610596,0.819610596,
274.2748108,272.9982605,-1.276550293,1.276550293,
273.9710083,273.6003418,-0.370666504,0.370666504,
273.9710083,273.4177856,-0.553222656,0.553222656,
273.8327942,273.6416016,-0.191192627,0.191192627,
273.8327942,273.0829468,-0.749847412,0.749847412,
273.729187,273.4839172,-0.245269775,0.245269775,
273.729187,273.3566284,-0.372558594,0.372558594,
273.644928,273.6409302,-0.003997803,0.003997803,
273.6224365,273.6448059,0.022369385,0.022369385,
273.6224365,273.867981,0.245544434,0.245544434,
273.6968079,273.6839294,-0.012878418,0.012878418,
273.6968079,273.7075806,0.010772705,0.010772705,
273.6918335,274.0774231,0.3855896,0.3855896,
273.6918335,273.4627991,-0.229034424,0.229034424,
273.8097839,273.0422974,-0.767486572,0.767486572,
273.660675,273.0001831,-0.660491943,0.660491943,
273.660675,272.8113403,-0.849334717,0.849334717,
273.3826904,273.586853,0.204162598,0.204162598,
273.3641052,274.0856628,0.721557617,0.721557617,
273.3641052,273.7562561,0.392150879,0.392150879,
273.4758606,274.0462646,0.570404053,0.570404053,
273.4758606,274.0559387,0.580078125,0.580078125,
273.6693115,273.8233337,0.154022217,0.154022217,
273.7704468,273.4377747,-0.332672119,0.332672119,
273.7704468,273.4546509,-0.315795898,0.315795898,
273.8457642,273.8228149,-0.022949219,0.022949219,
273.8457642,273.2294617,-0.61630249,0.61630249,
273.836731,273.5056458,-0.331085205,0.331085205,
273.836731,273.1748352,-0.661895752,0.661895752,
273.6811218,273.2624512,-0.418670654,0.418670654,
273.6811218,272.4770508,-1.204071045,1.204071045,
273.5476685,273.1938477,-0.353820801,0.353820801,
273.3257446,272.2390442,-1.086700439,1.086700439,
273.0053101,273.1701355,0.164825439,0.164825439,
273.0053101,272.089447,-0.915863037,0.915863037,
272.9156799,272.930603,0.014923096,0.014923096,
272.9156799,272.6948242,-0.220855713,0.220855713,
272.7364197,273.8709717,1.134552002,1.134552002,
273.0018616,273.0150452,0.013183594,0.013183594,
273.0018616,272.8842468,-0.117614746,0.117614746,
273.1390076,272.8616028,-0.277404785,0.277404785,
273.1390076,273.0385132,-0.100494385,0.100494385,
273.0806274,273.6803894,0.599761963,0.599761963,
273.2565002,274.3268433,1.070343018,1.070343018,
273.2565002,275.0427856,1.7862854,1.7862854,
273.625824,274.640564,1.01473999,1.01473999,
273.625824,274.8252869,1.199462891,1.199462891,
273.9842529,274.0319214,0.047668457,0.047668457,
274.1962891,273.4351196,-0.761169434,0.761169434,
274.1962891,273.4790955,-0.717193604,0.717193604,
274.1468811,273.152771,-0.994110107,0.994110107,
274.1468811,273.6417236,-0.505157471,0.505157471,
273.8954773,272.8501587,-1.045318604,1.045318604,
273.5354309,273.5137634,-0.02166748,0.02166748,
273.5354309,274.0903625,0.554931641,0.554931641,
273.494812,274.3117676,0.816955566,0.816955566,
273.494812,274.2781677,0.783355713,0.783355713,
273.7810669,273.8596802,0.078613281,0.078613281,
273.9553223,274.1367188,0.181396484,0.181396484,
273.9553223,274.9806213,1.025299072,1.025299072,
274.0794983,274.6472168,0.567718506,0.567718506,
274.0794983,274.8684998,0.789001465,0.789001465,
274.3304749,275.084137,0.753662109,0.753662109,
274.3304749,274.9869385,0.656463623,0.656463623,
274.5584106,274.3786621,-0.179748535,0.179748535,
274.5895996,272.7568054,-1.832794189,1.832794189,
274.5895996,272.6473083,-1.94229126,1.94229126,
274.0804749,273.0058594,-1.074615479,1.074615479,
274.0804749,273.4893494,-0.591125488,0.591125488,
273.6962585,274.0186157,0.322357178,0.322357178,
273.6962585,274.6786499,0.982391357,0.982391357,
273.7098999,275.0292053,1.31930542,1.31930542,
274.0533142,274.5024719,0.449157715,0.449157715,
274.2866211,275.0432434,0.756622314,0.756622314,
274.2866211,275.0171204,0.730499268,0.730499268,
274.5926819,274.5808105,-0.011871338,0.011871338,
274.5926819,274.6148376,0.022155762,0.022155762,
274.644104,275.7445984,1.100494385,1.100494385,
274.6733398,276.0890503,1.415710449,1.415710449,
274.6733398,276.6018677,1.928527832,1.928527832,
275.1161194,276.4023743,1.286254883,1.286254883,
275.1161194,276.4950867,1.378967285,1.378967285,
275.6270142,276.0737305,0.446716309,0.446716309,
275.6270142,277.0957336,1.468719482,1.468719482,
275.9525146,276.993042,1.040527344,1.040527344,
275.9525146,276.9894104,1.036895752,1.036895752,
276.3668518,276.6646118,0.29776001,0.29776001,
276.3668518,276.9825439,0.615692139,0.615692139,
276.5684204,277.4351196,0.866699219,0.866699219,
276.7720337,277.6174622,0.845428467,0.845428467,
276.7720337,277.8777771,1.105743408,1.105743408,
277.1028748,277.6305542,0.527679443,0.527679443,
277.1028748,277.7580566,0.655181885,0.655181885,
277.3494263,277.6865845,0.337158203,0.337158203,
277.3494263,278.3395081,0.990081787,0.990081787,
277.5602112,277.8807373,0.320526123,0.320526123,
277.783844,277.9504395,0.166595459,0.166595459,
277.783844,278.2188721,0.435028076,0.435028076,
277.9216309,278.1881104,0.266479492,0.266479492,
277.9216309,278.8662109,0.944580078,0.944580078,
278.0649414,278.832489,0.767547607,0.767547607,
278.0649414,279.2194824,1.154541016,1.154541016,
278.3596497,279.0618591,0.702209473,0.702209473,
278.6806946,279.1076965,0.427001953,0.427001953,
278.6806946,280.0303345,1.349639893,1.349639893,
278.9203796,279.7341309,0.813751221,0.813751221,
279.2453613,279.6138611,0.368499756,0.368499756,
279.2453613,279.5282288,0.282867432,0.282867432,
279.3363647,280.4361267,1.099761963,1.099761963,
279.5239258,280.4257202,0.901794434,0.901794434,
279.8566284,280.7062378,0.849609375,0.849609375,
279.8566284,280.3570862,0.500457764,0.500457764,
280.0958557,280.9277649,0.83190918,0.83190918,
280.1964417,281.1109009,0.914459229,0.914459229,
280.4924622,281.2466736,0.754211426,0.754211426,
280.4924622,281.583313,1.09085083,1.09085083,
280.82547,281.3628845,0.537414551,0.537414551,
280.82547,282.7191162,1.89364624,1.89364624,
281.1269531,282.1272278,1.000274658,1.000274658,
281.1269531,282.2063904,1.079437256,1.079437256,
281.5364075,281.9318848,0.395477295,0.395477295,
281.7765503,282.2269592,0.450408936,0.450408936,
281.7765503,282.5649719,0.788421631,0.788421631,
281.9303894,282.4275818,0.497192383,0.497192383,
281.9303894,282.5467834,0.616394043,0.616394043,
282.1634827,282.1533508,-0.010131836,0.010131836,
282.1634827,282.1720581,0.008575439,0.008575439,
282.2556458,282.2141113,-0.041534424,0.041534424,
282.1741638,282.6407166,0.466552734,0.466552734,
282.1741638,282.6713867,0.4972229,0.4972229,
282.2998047,282.7880249,0.488220215,0.488220215,
282.47229,283.2123718,0.740081787,0.740081787,
282.47229,283.712677,1.240386963,1.240386963,
282.7426453,283.7119141,0.969268799,0.969268799,
283.0868835,283.3753357,0.288452148,0.288452148,
283.0868835,283.1413879,0.054504395,0.054504395,
283.2393799,282.9531555,-0.286224365,0.286224365,
283.2393799,283.4026794,0.163299561,0.163299561,
283.1989441,283.6448059,0.445861816,0.445861816,
283.3443604,283.8345032,0.490142822,0.490142822,
283.3443604,284.101532,0.757171631,0.757171631,
283.5666809,283.7213745,0.154693604,0.154693604,
283.5666809,284.398468,0.831787109,0.831787109,
283.765625,284.5864258,0.820800781,0.820800781,
283.765625,284.7116394,0.946014404,0.946014404,
284.067749,284.0474243,-0.020324707,0.020324707,
284.067749,284.4305115,0.362762451,0.362762451,
284.1890259,284.5090942,0.320068359,0.320068359,
284.1890259,284.4163818,0.227355957,0.227355957,
284.2822266,284.6413269,0.359100342,0.359100342,
284.3375549,284.5261536,0.188598633,0.188598633,
284.3375549,284.5042725,0.166717529,0.166717529,
284.3491516,285.2260132,0.876861572,0.876861572,
284.3491516,285.3036804,0.954528809,0.954528809,
284.7032471,285.362793,0.659545898,0.659545898,
284.7032471,285.3776855,0.674438477,0.674438477,
284.9720459,285.1956177,0.223571777,0.223571777,
284.9720459,285.2159119,0.243865967,0.243865967,
285.1305542,284.8300781,-0.300476074,0.300476074,
285.1203308,284.4069214,-0.713409424,0.713409424,
285.1203308,284.8767395,-0.243591309,0.243591309,
285.0009155,284.5503235,-0.450592041,0.450592041,
285.0009155,283.9175415,-1.083374023,1.083374023,
284.8225098,284.2711182,-0.551391602,0.551391602,
284.5725098,285.0328674,0.460357666,0.460357666,
284.5725098,285.1300354,0.557525635,0.557525635,
284.6960449,285.311554,0.615509033,0.615509033,
284.6960449,285.4101563,0.714111328,0.714111328,
284.8948364,286.1146851,1.219848633,1.219848633,
285.1600952,285.851593,0.691497803,0.691497803,
285.1600952,286.0024109,0.842315674,0.842315674,
285.3817139,285.5964661,0.214752197,0.214752197,
285.3817139,285.9465332,0.564819336,0.564819336,
285.401886,285.6900024,0.288116455,0.288116455,
285.401886,285.5202637,0.118377686,0.118377686,
285.5151672,285.4147949,-0.100372314,0.100372314,
285.4209595,285.7760925,0.355133057,0.355133057,
285.4209595,286.1528015,0.731842041,0.731842041,
285.5815125,286.105011,0.523498535,0.523498535,
285.8112183,286.4615479,0.65032959,0.65032959,
285.8112183,287.0730896,1.261871338,1.261871338,
286.1994934,287.0770264,0.877532959,0.877532959,
286.1994934,287.4461975,1.246704102,1.246704102,
286.5822449,288.8104553,2.228210449,2.228210449,
287.0168457,288.9346008,1.917755127,1.917755127,
287.0168457,288.8519592,1.835113525,1.835113525,
287.6156311,288.7616272,1.145996094,1.145996094,
287.6156311,289.0248413,1.409210205,1.409210205,
288.0738525,290.883728,2.809875488,2.809875488,
288.0738525,291.1032715,3.029418945,3.029418945,
288.9477539,290.8543396,1.906585693,1.906585693,
288.9477539,291.1379089,2.190155029,2.190155029,
289.714447,292.034668,2.320220947,2.320220947,
290.4334717,291.7266846,1.293212891,1.293212891,
290.4334717,291.8351746,1.401702881,1.401702881,
290.9768677,291.6067505,0.629882813,0.629882813,
290.9768677,293.0932922,2.116424561,2.116424561,
291.3243713,293.0309143,1.706542969,1.706542969,
291.9472961,293.3648071,1.417510986,1.417510986,
291.9472961,293.0923767,1.145080566,1.145080566,
292.3925781,294.6527405,2.260162354,2.260162354,
292.3925781,294.9910278,2.598449707,2.598449707,
293.1608887,294.4729614,1.312072754,1.312072754,
293.7441406,294.7206726,0.976531982,0.976531982,
293.7441406,295.1245422,1.380401611,1.380401611,
294.1268311,294.9809265,0.854095459,0.854095459,
294.1268311,295.0267334,0.899902344,0.899902344,
294.4977722,294.6257019,0.127929688,0.127929688,
294.4977722,294.6793213,0.181549072,0.181549072,
294.6373901,295.1139832,0.476593018,0.476593018,
294.7573853,295.0757751,0.318389893,0.318389893,
294.7573853,295.0634766,0.306091309,0.306091309,
294.8433838,294.8893738,0.04598999,0.04598999,
294.8433838,295.0922241,0.248840332,0.248840332,
294.9117432,295.202301,0.290557861,0.290557861,
294.9912415,295.0470886,0.055847168,0.055847168,
294.9912415,294.9492493,-0.041992188,0.041992188,
295.0068054,295.1288452,0.122039795,0.122039795,
295.0068054,295.3215332,0.314727783,0.314727783,
295.0574036,295.2780151,0.220611572,0.220611572,
295.0574036,295.3925171,0.335113525,0.335113525,
295.1959534,295.1917419,-0.004211426,0.004211426,
295.1959534,294.999054,-0.196899414,0.196899414,
295.2419434,294.9693298,-0.272613525,0.272613525,
295.1135559,294.1558533,-0.957702637,0.957702637,
295.1135559,293.5632935,-1.550262451,1.550262451,
294.7500305,293.9429016,-0.807128906,0.807128906,
294.3887634,294.3587341,-0.030029297,0.030029297,
294.3887634,294.4099731,0.021209717,0.021209717,
294.3948364,294.5467834,0.151947021,0.151947021,
294.3948364,294.686676,0.2918396,0.2918396,
294.4180908,294.9630127,0.544921875,0.544921875,
294.4180908,295.5275574,1.109466553,1.109466553,
294.6245728,295.6766663,1.052093506,1.052093506,
294.9561157,295.5678711,0.611755371,0.611755371,
294.9561157,295.9604797,1.004364014,1.004364014,
295.2814636,296.9608765,1.679412842,1.679412842,
295.2814636,297.369873,2.088409424,2.088409424,
295.7870483,297.0377808,1.250732422,1.250732422,
295.7870483,297.4134827,1.626434326,1.626434326,
296.3018799,297.1651001,0.863220215,0.863220215,
296.3018799,298.6713867,2.369506836,2.369506836,
296.7146301,298.8361511,2.121520996,2.121520996,
297.3905334,298.8539429,1.463409424,1.463409424,
297.3905334,298.5105591,1.120025635,1.120025635,
297.8074951,298.5992737,0.791778564,0.791778564,
297.8074951,300.2329102,2.425415039,2.425415039,
298.2980957,300.1694641,1.871368408,1.871368408,
298.2980957,300.3720703,2.073974609,2.073974609,
298.9360046,300.1325684,1.196563721,1.196563721,
298.9360046,301.8178711,2.881866455,2.881866455,
299.4335632,301.7554626,2.321899414,2.321899414,
300.1622009,302.0351868,1.87298584,1.87298584,
300.1622009,301.7531433,1.590942383,1.590942383,
300.7538452,301.6186523,0.864807129,0.864807129,
300.7538452,303.7055359,2.951690674,2.951690674,
301.3773804,303.6357727,2.258392334,2.258392334,
301.3773804,304.6005859,3.223205566,3.223205566,
302.2015076,304.194519,1.993011475,1.993011475,
302.2015076,306.7810669,4.579559326,4.579559326,
302.8851013,305.961853,3.076751709,3.076751709,
303.7966614,305.6801453,1.883483887,1.883483887,
304.3927612,305.297821,0.905059814,0.905059814,
304.3927612,306.7210693,2.328308105,2.328308105,
304.8179932,306.6287231,1.81072998,1.81072998,
304.8179932,306.7701721,1.952178955,1.952178955,
305.4449158,307.3361816,1.891265869,1.891265869,
305.9485474,307.0183716,1.069824219,1.069824219,
305.9485474,307.1675415,1.218994141,1.218994141,
306.5307312,305.4187317,-1.111999512,1.111999512,
306.5307312,305.6476746,-0.883056641,0.883056641,
306.6088867,305.2345886,-1.374298096,1.374298096,
306.2591858,305.5918274,-0.667358398,0.667358398,
306.2591858,305.9090576,-0.350128174,0.350128174,
306.0263977,305.8660889,-0.160308838,0.160308838,
306.0263977,306.1791382,0.152740479,0.152740479,
306.0370483,305.9908142,-0.046234131,0.046234131,
306.0370483,306.9524841,0.915435791,0.915435791,
306.1109924,305.9243774,-0.18661499,0.18661499,
306.2267456,305.8835144,-0.343231201,0.343231201,
306.2267456,305.7038269,-0.522918701,0.522918701,
306.2640991,305.221405,-1.042694092,1.042694092,
306.1134949,305.444397,-0.6690979,0.6690979,
306.1134949,305.2852478,-0.82824707,0.82824707,
305.869873,305.4174194,-0.452453613,0.452453613,
305.7128296,305.9434509,0.230621338,0.230621338,
305.7128296,305.8236084,0.110778809,0.110778809,
305.7651062,305.4519653,-0.313140869,0.313140869,
305.7651062,305.1423645,-0.622741699,0.622741699,
305.6748962,304.9372559,-0.737640381,0.737640381,
305.6748962,305.5523376,-0.122558594,0.122558594,
305.4532776,305.6487427,0.195465088,0.195465088,
305.5241089,305.6936035,0.169494629,0.169494629,
305.5241089,305.8179321,0.293823242,0.293823242,
305.5610657,306.2002869,0.639221191,0.639221191,
305.5610657,306.5672607,1.006195068,1.006195068,
305.6917725,306.0576782,0.365905762,0.365905762,
305.6917725,306.6590576,0.967285156,0.967285156,
305.887207,306.561676,0.674468994,0.674468994,
306.1440735,305.2532349,-0.890838623,0.890838623,
306.1440735,306.1704712,0.026397705,0.026397705,
306.0799561,306.4718628,0.391906738,0.391906738,
306.0799561,306.9334717,0.853515625,0.853515625,
306.217804,305.5449829,-0.672821045,0.672821045,
306.3235779,306.099823,-0.223754883,0.223754883,
306.3235779,305.7586365,-0.564941406,0.564941406,
306.2956238,306.0713501,-0.224273682,0.224273682,
306.2956238,306.1218262,-0.173797607,0.173797607,
306.1498718,305.8765259,-0.273345947,0.273345947,
306.1498718,305.5903625,-0.559509277,0.559509277,
306.1047668,306.2461243,0.141357422,0.141357422,
306.0543823,306.1416016,0.087219238,0.087219238,
306.0543823,306.7500916,0.695709229,0.695709229,
306.0623474,306.6858215,0.623474121,0.623474121,
306.0623474,306.9235535,0.861206055,0.861206055,
306.3106995,306.7038269,0.393127441,0.393127441,
306.3106995,306.9810486,0.670349121,0.670349121,
306.4676208,306.818512,0.350891113,0.350891113,
306.5907288,307.5922852,1.001556396,1.001556396,
306.8919067,308.1307983,1.238891602,1.238891602,
306.8919067,307.7512207,0.859313965,0.859313965,
307.2583313,308.7769165,1.518585205,1.518585205,
307.653656,310.0731812,2.419525146,2.419525146,
308.4131165,309.1167603,0.703643799,0.703643799,
308.7915344,308.7283936,-0.063140869,0.063140869,
308.7915344,310.3350525,1.543518066,1.543518066,
309.0439148,310.2623901,1.218475342,1.218475342,
309.4466248,309.5868225,0.140197754,0.140197754,
309.4466248,310.0247803,0.578155518,0.578155518,
309.6044312,310.2158813,0.611450195,0.611450195,
309.7346191,310.8478394,1.113220215,1.113220215,
309.7346191,310.3240967,0.589477539,0.589477539,
309.9688721,310.0702515,0.101379395,0.101379395,
309.9688721,310.6381836,0.669311523,0.669311523,
310.1247864,310.4650269,0.340240479,0.340240479,
310.1247864,312.1500244,2.025238037,2.025238037,
310.3492126,311.4822083,1.132995605,1.132995605,
310.7976685,311.3466797,0.54901123,0.54901123,
310.7976685,310.7194824,-0.078186035,0.078186035,
310.888031,311.1500549,0.262023926,0.262023926,
310.888031,312.3716125,1.483581543,1.483581543,
311.1498718,312.4036865,1.253814697,1.253814697,
311.5377502,313.1382141,1.600463867,1.600463867,
311.5377502,313.509552,1.971801758,1.971801758,
311.9859924,312.9068909,0.920898438,0.920898438,
312.4914551,314.0636292,1.572174072,1.572174072,
312.4914551,314.0057678,1.514312744,1.514312744,
313.1342468,313.7341309,0.599884033,0.599884033,
313.1342468,312.9220581,-0.212188721,0.212188721,
313.4390869,314.2673035,0.828216553,0.828216553,
313.424408,314.1763306,0.751922607,0.751922607,
313.615448,314.5563049,0.940856934,0.940856934,
313.615448,313.4704285,-0.145019531,0.145019531,
313.7313538,313.9706726,0.239318848,0.239318848,
313.7313538,313.4744873,-0.256866455,0.256866455,
313.7832336,313.5418701,-0.241363525,0.241363525,
313.7832336,314.011261,0.228027344,0.228027344,
313.6375732,314.6627808,1.02520752,1.02520752,
313.8544617,315.3224792,1.468017578,1.468017578,
314.3167114,315.8774109,1.560699463,1.560699463,
314.3167114,315.6448669,1.328155518,1.328155518,
314.6727295,314.3360596,-0.336669922,0.336669922,
314.6727295,314.1870728,-0.485656738,0.485656738,
314.6828003,314.5829773,-0.099822998,0.099822998,
314.5996094,314.697998,0.098388672,0.098388672,
314.5996094,316.1498413,1.550231934,1.550231934,
314.8119202,315.6359863,0.824066162,0.824066162,
315.2008362,315.0318298,-0.169006348,0.169006348,
315.2008362,314.8139648,-0.386871338,0.386871338,
315.133667,315.0652466,-0.06842041,0.06842041,
315.133667,315.4322815,0.298614502,0.298614502,
315.0909729,315.265686,0.174713135,0.174713135,
315.1925659,315.016571,-0.175994873,0.175994873,
315.1925659,315.0944519,-0.098114014,0.098114014,
315.17453,314.9440002,-0.230529785,0.230529785,
315.17453,315.3253784,0.150848389,0.150848389,
315.1221924,316.2549133,1.132720947,1.132720947,
315.3636475,315.8205261,0.456878662,0.456878662,
315.3636475,316.214386,0.850738525,0.850738525,
315.7102051,316.0636292,0.353424072,0.353424072,
315.7102051,316.4124451,0.70223999,0.70223999,
315.8474426,316.9537354,1.106292725,1.106292725,
316.0775452,315.7240906,-0.35345459,0.35345459,
316.0775452,315.9993896,-0.078155518,0.078155518,
316.1478271,316.0064392,-0.141387939,0.141387939,
316.1803284,315.976593,-0.203735352,0.203735352,
316.1803284,315.670105,-0.510223389,0.510223389,
316.1254272,315.9603271,-0.165100098,0.165100098,
316.1254272,316.079071,-0.046356201,0.046356201,
315.9344177,316.2659607,0.331542969,0.331542969,
315.9892578,317.0490723,1.059814453,1.059814453,
315.9892578,316.597229,0.607971191,0.607971191,
316.3014832,316.3231506,0.02166748,0.02166748,
316.3014832,316.2106628,-0.090820313,0.090820313,
316.3365173,315.7815552,-0.554962158,0.554962158,
316.3365173,315.9489136,-0.38760376,0.38760376,
316.2518921,316.0295105,-0.222381592,0.222381592,
316.2518921,315.9161072,-0.335784912,0.335784912,
316.2333069,315.8662109,-0.367095947,0.367095947,
316.148407,315.9642944,-0.184112549,0.184112549,
316.148407,315.7841492,-0.364257813,0.364257813,
316.092804,316.0751648,-0.01763916,0.01763916,
316.092804,314.9346924,-1.158111572,1.158111572,
315.963562,315.5269165,-0.436645508,0.436645508,
315.963562,315.758667,-0.20489502,0.20489502,
315.7641602,316.7144165,0.950256348,0.950256348,
315.9454041,316.3583984,0.412994385,0.412994385,
315.9454041,316.0666809,0.121276855,0.121276855,
316.1206665,315.722168,-0.398498535,0.398498535,
316.0013733,315.8286133,-0.17276001,0.17276001,
316.0013733,315.8138123,-0.187561035,0.187561035,
315.9854126,316.2170715,0.231658936,0.231658936,
315.9854126,316.3677979,0.382385254,0.382385254,
316.0937805,316.3001709,0.206390381,0.206390381,
316.0937805,318.1318665,2.038085938,2.038085938,
316.2211914,317.0488586,0.827667236,0.827667236,
316.5975952,317.8562012,1.258605957,1.258605957,
316.5975952,317.4215393,0.823944092,0.823944092,
316.849823,316.7594299,-0.090393066,0.090393066,
316.849823,316.7752686,-0.074554443,0.074554443,
316.9296875,316.2628784,-0.666809082,0.666809082,
316.9296875,316.3020325,-0.627655029,0.627655029,
316.8167419,315.9020691,-0.914672852,0.914672852,
316.4994507,315.4653015,-1.03414917,1.03414917,
316.4994507,315.9165344,-0.58291626,0.58291626,
316.1203918,315.7180176,-0.402374268,0.402374268,
316.1203918,314.911438,-1.208953857,1.208953857,
316.0020447,315.039093,-0.96295166,0.96295166,
315.7235107,313.5487061,-2.174804688,2.174804688,
315.7235107,313.1555481,-2.567962646,2.567962646,
315.0216064,313.9892273,-1.03237915,1.03237915,
314.421875,312.5164795,-1.905395508,1.905395508,
314.421875,312.9573059,-1.464569092,1.464569092,
313.853241,312.8485107,-1.004730225,1.004730225,
313.853241,312.7615356,-1.091705322,1.091705322,
313.4638367,311.675293,-1.788543701,1.788543701,
313.4638367,311.0474854,-2.416351318,2.416351318,
312.9577332,310.5334167,-2.424316406,2.424316406,
312.9577332,309.9089966,-3.048736572,3.048736572,
312.2413025,309.6034851,-2.637817383,2.637817383,
312.2413025,309.4792175,-2.762084961,2.762084961,
311.5523071,309.6794434,-1.87286377,1.87286377,
310.970459,310.5237732,-0.446685791,0.446685791,
310.970459,310.2865601,-0.683898926,0.683898926,
310.8199463,308.5043945,-2.315551758,2.315551758,
310.3286743,307.9519653,-2.376708984,2.376708984,
310.3286743,307.3170471,-3.011627197,3.011627197,
309.5942688,307.8984375,-1.695831299,1.695831299,
309.5942688,305.3033142,-4.29095459,4.29095459,
308.9151306,305.5108337,-3.404296875,3.404296875,
308.9151306,305.1022644,-3.812866211,3.812866211,
307.8161926,305.219696,-2.596496582,2.596496582,
306.9457703,303.6496582,-3.296112061,3.296112061,
306.9457703,303.4981689,-3.447601318,3.447601318,
306.0261536,304.3479919,-1.678161621,1.678161621,
306.0261536,303.8149414,-2.211212158,2.211212158,
305.3564758,303.903656,-1.452819824,1.452819824,
305.3564758,301.4773254,-3.879150391,3.879150391,
304.7235413,301.8163757,-2.907165527,2.907165527,
303.8057251,302.3342285,-1.471496582,1.471496582,
303.8057251,301.8233032,-1.982421875,1.982421875,
303.0789185,299.8608704,-3.218048096,3.218048096,
303.0789185,299.4783325,-3.600585938,3.600585938,
302.0956726,299.3719482,-2.723724365,2.723724365,
301.2129517,296.5175781,-4.695373535,4.695373535,
301.2129517,296.014801,-5.198150635,5.198150635,
300.1040649,296.5117188,-3.592346191,3.592346191,
298.7672119,296.9145203,-1.85269165,1.85269165,
298.7672119,294.0968018,-4.670410156,4.670410156,
297.9028931,293.6445313,-4.258361816,4.258361816,
297.9028931,291.6099243,-6.29296875,6.29296875,
296.4562378,292.6960449,-3.760192871,3.760192871,
294.9341125,292.6947937,-2.239318848,2.239318848,
294.9341125,292.6711121,-2.263000488,2.263000488,
294.1645813,294.4056396,0.24105835,0.24105835,
294.1645813,293.7112732,-0.453308105,0.453308105,
293.8869629,294.181427,0.294464111,0.294464111,
293.8869629,293.4292297,-0.457733154,0.457733154,
293.7525024,300.211853,6.459350586,6.459350586,
294.554657,298.8312988,4.276641846,4.276641846,
294.554657,298.2530823,3.698425293,3.698425293,
296.0626526,296.1730042,0.110351563,0.110351563,
296.0626526,295.7060242,-0.356628418,0.356628418,
296.5644226,294.4066772,-2.157745361,2.157745361,
296.1178894,294.8150635,-1.302825928,1.302825928,
296.1178894,293.4289551,-2.688934326,2.688934326,
295.4949036,293.169281,-2.325622559,2.325622559,
294.7844238,294.684845,-0.099578857,0.099578857,
294.7844238,294.4751587,-0.309265137,0.309265137,
294.3352661,294.3177795,-0.017486572,0.017486572,
294.3352661,295.9587708,1.623504639,1.623504639,
294.3515625,295.6770935,1.325531006,1.325531006,
294.7085266,294.7483826,0.039855957,0.039855957,
294.7085266,294.7459717,0.037445068,0.037445068,
294.855011,295.1890564,0.33404541,0.33404541,
294.855011,295.4766235,0.621612549,0.621612549,
294.9699402,296.4005432,1.430603027,1.430603027,
294.9699402,296.2324524,1.262512207,1.262512207,
295.392395,295.8983154,0.50592041,0.50592041,
295.5578613,294.9833374,-0.574523926,0.574523926,
295.5578613,295.0166016,-0.541259766,0.541259766,
295.537323,294.8815613,-0.655761719,0.655761719,
295.537323,294.8156738,-0.72164917,0.72164917,
295.4026489,295.349823,-0.052825928,0.052825928,
295.2414246,295.4284973,0.187072754,0.187072754,
295.2414246,295.6097717,0.368347168,0.368347168,
295.2364502,294.8929443,-0.343505859,0.343505859,
295.2771301,295.5823975,0.305267334,0.305267334,
295.2771301,295.8089905,0.531860352,0.531860352,
295.3537292,295.7473145,0.393585205,0.393585205,
295.3537292,296.8222351,1.468505859,1.468505859,
295.5540466,296.5618286,1.007781982,1.007781982,
295.8890381,296.6171265,0.728088379,0.728088379,
295.8890381,297.0450439,1.156005859,1.156005859,
296.1324768,299.6399231,3.507446289,3.507446289,
296.9214783,300.8934937,3.972015381,3.972015381,
296.9214783,302.7146912,5.793212891,5.793212891,
298.2891846,310.7711182,12.48193359,12.48193359,
298.2891846,312.8103333,14.52114868,14.52114868,
301.4548645,312.4425049,10.98764038,10.98764038,
301.4548645,315.3898315,13.93496704,13.93496704,
305.2992249,327.9049988,22.60577393,22.60577393,
305.2992249,331.9889526,26.68972778,26.68972778,
311.1744995,332.7680359,21.59353638,21.59353638,
318.5791321,346.1173096,27.53817749,27.53817749,
318.5791321,350.1240234,31.54489136,31.54489136,
326.6478577,347.9351807,21.287323,21.287323,
335.2000122,364.105835,28.90582275,28.90582275,
335.2000122,360.9831238,25.78311157,25.78311157,
344.319458,369.6144409,25.29498291,25.29498291,
351.6100769,366.2550964,14.64501953,14.64501953,
351.6100769,369.2634583,17.65338135,17.65338135,
358.4763489,377.0194702,18.54312134,18.54312134,
3.756386757,15.34546757,11.58908081,11.58908081,
3.756386757,17.4941082,13.73772144,13.73772144,
8.949877739,23.09509468,14.14521694,14.14521694,
13.11307335,24.78746796,11.67439461,11.67439461,
13.11307335,24.06416512,10.95109177,10.95109177,
17.17752075,26.18796349,9.010442734,9.010442734,
17.17752075,26.92271614,9.745195389,9.745195389,
20.71561241,23.52271271,2.807100296,2.807100296,
22.62844276,22.32562447,-0.302818298,0.302818298,
22.62844276,21.65488243,-0.973560333,0.973560333,
22.9548912,20.9074173,-2.047473907,2.047473907,
22.65376282,22.15911484,-0.49464798,0.49464798,
22.65376282,24.08031654,1.426553726,1.426553726,
22.66813087,24.84392166,2.175790787,2.175790787,
23.31426239,24.37797546,1.063713074,1.063713074,
23.31426239,24.32643127,1.012168884,1.012168884,
23.64985275,23.80223083,0.152378082,0.152378082,
23.64985275,23.40083122,-0.24902153,0.24902153,
23.80540085,22.9115715,-0.893829346,0.893829346,
23.80540085,23.67194939,-0.133451462,0.133451462,
23.58625221,24.7516346,1.165382385,1.165382385,
23.58625221,25.79237175,2.206119537,2.206119537,
23.88939285,25.83109665,1.941703796,1.941703796,
24.53582191,24.9501915,0.414369583,0.414369583,
24.53582191,24.65249062,0.116668701,0.116668701,
24.62042427,24.74185371,0.121429443,0.121429443,
24.62042427,24.19324112,-0.427183151,0.427183151,
24.63428307,24.31346321,-0.320819855,0.320819855,
24.63428307,24.79197311,0.157690048,0.157690048,
24.50287819,24.81163788,0.308759689,0.308759689,
24.50287819,25.00855064,0.505672455,0.505672455,
24.58301163,25.10237885,0.519367218,0.519367218,
24.77750206,24.73248482,-0.045017242,0.045017242,
24.8552742,25.40834808,0.553073883,0.553073883,
24.8552742,24.83331871,-0.02195549,0.02195549,
24.98814201,24.23262215,-0.755519867,0.755519867,
24.98814201,24.33506775,-0.653074265,0.653074265,
24.83844185,24.71417427,-0.124267578,0.124267578,
24.83844185,25.21047592,0.372034073,0.372034073,
24.77712059,25.66427231,0.887151718,0.887151718,
24.95697403,25.08233643,0.125362396,0.125362396,
24.95697403,25.00654221,0.049568176,0.049568176,
25.01930618,24.98057556,-0.038730621,0.038730621,
24.9927597,23.52162552,-1.471134186,1.471134186,
24.9927597,23.5071907,-1.485569,1.485569,
24.60253716,23.72842407,-0.874113083,0.874113083,
24.60253716,23.56300735,-1.0395298,1.0395298,
24.21755981,24.19810677,-0.019453049,0.019453049,
24.21755981,24.65693474,0.439374924,0.439374924,
24.16183472,24.55478287,0.392948151,0.392948151,
24.37202835,24.71431732,0.342288971,0.342288971,
24.37202835,24.08402252,-0.288005829,0.288005829,
24.37252998,24.21144104,-0.161088943,0.161088943,
24.33130074,24.39836311,0.067062378,0.067062378,
24.33130074,24.25126266,-0.080038071,0.080038071,
24.38256073,23.73068047,-0.651880264,0.651880264,
24.26223373,23.72107315,-0.541160583,0.541160583,
24.26223373,23.66486168,-0.597372055,0.597372055,
24.06936264,23.28095818,-0.788404465,0.788404465,
24.06936264,22.53966522,-1.529697418,1.529697418,
23.82216263,22.52941895,-1.292743683,1.292743683,
23.38106537,23.52017593,0.139110565,0.139110565,
23.38106537,23.97688675,0.595821381,0.595821381,
23.35071754,24.07598686,0.725269318,0.725269318,
23.35071754,24.04223442,0.691516876,0.691516876,
23.61953354,23.8049469,0.185413361,0.185413361,
23.61953354,24.10905457,0.489521027,0.489521027,
23.74299049,24.24612999,0.503139496,0.503139496,
23.89597511,24.20920181,0.3132267,0.3132267,
23.89597511,23.83693123,-0.059043884,0.059043884,
23.95746803,23.790802,-0.166666031,0.166666031,
23.95746803,23.87783051,-0.079637527,0.079637527,
23.89533997,23.79285622,-0.102483749,0.102483749,
23.89533997,23.61897469,-0.27636528,0.27636528,
23.89596176,23.84595108,-0.050010681,0.050010681,
23.83409119,23.70522118,-0.12887001,0.12887001,
23.83409119,23.87811852,0.044027328,0.044027328,
23.80211258,23.79922867,-0.002883911,0.002883911,
23.85543823,23.76149368,-0.09394455,0.09394455,
23.85543823,23.71108818,-0.144350052,0.144350052,
23.86236,24.2109127,0.348552704,0.348552704,
23.9524498,24.62822914,0.675779343,0.675779343,
23.9524498,24.78771782,0.835268021,0.835268021,
23.9524498,24.60432625,0.65187645,0.65187645,
24.22847366,24.57673454,0.34826088,0.34826088,
24.33660316,24.60258675,0.265983582,0.265983582,
24.33660316,24.05441475,-0.282188416,0.282188416,
24.44714737,24.28347588,-0.163671494,0.163671494,
24.44714737,24.46374512,0.016597748,0.016597748,
24.35118103,24.58419228,0.233011246,0.233011246,
24.4545536,24.26408386,-0.190469742,0.190469742,
24.4545536,24.26407814,-0.190475464,0.190475464,
24.42916679,24.55899048,0.129823685,0.129823685,
24.42916679,24.44246292,0.013296127,0.013296127,
24.42467499,24.21377945,-0.210895538,0.210895538,
24.37532616,24.30216217,-0.073163986,0.073163986,
24.31670189,24.59923363,0.282531738,0.282531738,
24.31670189,24.27318192,-0.043519974,0.043519974,
24.33131981,24.1432724,-0.188047409,0.188047409,
24.33131981,24.36898232,0.037662506,0.037662506,
24.32087326,24.48005104,0.15917778,0.15917778,
24.39375687,24.31848907,-0.075267792,0.075267792,
24.39375687,23.60285187,-0.790904999,0.790904999,
24.35011101,23.25606918,-1.094041824,1.094041824,
24.35011101,23.24059677,-1.109514236,1.109514236,
24.02367973,23.6445446,-0.379135132,0.379135132,
24.02367973,23.58921242,-0.434467316,0.434467316,
23.78679848,23.6966362,-0.090162277,0.090162277,
23.71210098,23.51951218,-0.192588806,0.192588806,
23.71210098,23.30747795,-0.404623032,0.404623032,
23.67281914,23.07270432,-0.600114822,0.600114822,
23.67281914,22.94619751,-0.726621628,0.726621628,
23.49948311,23.69793129,0.198448181,0.198448181,
23.4175396,24.36758232,0.950042725,0.950042725,
23.4175396,40.84627151,17.42873192,17.42873192,
23.74137115,33.61222839,9.870857239,9.870857239,
26.10715294,28.99775124,2.890598297,2.890598297,
26.10715294,27.34372139,1.236568451,1.236568451,
28.02185059,24.04228783,-3.979562759,3.979562759,
28.02185059,24.27037239,-3.751478195,3.751478195,
27.43485641,24.01496887,-3.419887543,3.419887543,
27.43485641,22.92943192,-4.5054245,4.5054245,
26.30323792,23.1197319,-3.183506012,3.183506012,
26.30323792,22.13071632,-4.172521591,4.172521591,
25.18751526,22.31169128,-2.875823975,2.875823975,
24.19877625,23.18465996,-1.014116287,1.014116287,
24.19877625,23.58759308,-0.611183167,0.611183167,
23.66539192,24.53101158,0.865619659,0.865619659,
23.66539192,24.63692856,0.971536636,0.971536636,
23.86525154,24.32120514,0.455953598,0.455953598,
23.86525154,24.31813049,0.452878952,0.452878952,
24.04993629,24.50829697,0.458360672,0.458360672,
24.18881416,24.70593643,0.517122269,0.517122269,
24.18881416,24.94325829,0.754444122,0.754444122,
24.37622833,24.81817818,0.441949844,0.441949844,
24.37622833,24.88044739,0.504219055,0.504219055,
24.58105659,24.38800049,-0.193056107,0.193056107,
24.61973572,24.07158279,-0.548152924,0.548152924,
24.61973572,23.48470879,-1.135026932,1.135026932,
24.35096741,23.94914818,-0.401819229,0.401819229,
24.35096741,24.54340744,0.192440033,0.192440033,
24.12794113,25.30149269,1.173551559,1.173551559,
24.39821625,25.49611473,1.097898483,1.097898483,
24.39821625,25.71657562,1.318359375,1.318359375,
24.90043831,25.16351891,0.263080597,0.263080597,
24.90043831,25.32142448,0.420986176,0.420986176,
25.10406113,28.95714569,3.853084564,3.853084564,
25.86517525,29.94970703,4.084531784,4.084531784,
27.28315163,41.74316406,14.46001244,14.46001244,
27.28315163,44.8318634,17.54871178,17.54871178,
31.0506916,45.34923935,14.29854774,14.29854774,
31.0506916,66.18156433,35.13087273,35.13087273,
36.4046936,66.91408539,30.50939178,30.50939178,
36.4046936,71.51290894,35.10821533,35.10821533,
44.42284012,72.32007599,27.89723587,27.89723587,
44.42284012,97.56582642,53.1429863,53.1429863,
55.03324127,97.49838257,42.4651413,42.4651413,
66.43090057,97.03945923,30.60855865,30.60855865,
66.43090057,119.013092,52.58219147,52.58219147,
79.01364136,114.4169312,35.40328979,35.40328979,
79.01364136,117.4945984,38.48095703,38.48095703,
91.05288696,110.5247955,19.47190857,19.47190857,
100.9394073,114.8464966,13.90708923,13.90708923,
100.9394073,114.7395477,13.80014038,13.80014038,
108.5344315,107.5319138,-1.0025177,1.0025177,
108.5344315,110.2272873,1.692855835,1.692855835,
111.6731567,106.510643,-5.162513733,5.162513733,
111.6731567,106.0285721,-5.644584656,5.644584656,
111.1569748,108.2819595,-2.875015259,2.875015259,
109.7217941,110.3116379,0.58984375,0.58984375,
109.7217941,111.2637024,1.541908264,1.541908264,
109.6152725,114.2919006,4.676628113,4.676628113,
110.6946182,114.9980011,4.303382874,4.303382874,
110.6946182,114.9644165,4.269798279,4.269798279,
112.0886993,114.3149033,2.226203918,2.226203918,
112.0886993,115.7221909,3.633491516,3.633491516,
113.3324966,114.788414,1.455917358,1.455917358,
113.3324966,114.7628403,1.430343628,1.430343628,
114.1260681,114.3824692,0.256401062,0.256401062,
114.3525085,114.0226669,-0.329841614,0.329841614,
114.3525085,113.8417358,-0.510772705,0.510772705,
114.3563538,113.704628,-0.651725769,0.651725769,
114.1556702,113.3243561,-0.831314087,0.831314087,
114.1556702,113.16642,-0.989250183,0.989250183,
113.8199768,113.3997345,-0.42024231,0.42024231,
113.8199768,113.5551376,-0.264839172,0.264839172,
113.6390076,114.0040207,0.365013123,0.365013123,
113.7184677,114.3294907,0.611022949,0.611022949,
113.7184677,114.6276932,0.909225464,0.909225464,
113.973732,114.6702042,0.696472168,0.696472168,
113.973732,114.9325485,0.958816528,0.958816528,
114.2575531,115.0474091,0.789855957,0.789855957,
114.5126572,115.2235794,0.710922241,0.710922241,
114.5126572,115.3803101,0.867652893,0.867652893,
114.7901764,115.3846512,0.594474792,0.594474792,
114.7901764,115.6477356,0.857559204,0.857559204,
115.0268097,115.3292694,0.302459717,0.302459717,
115.2010803,115.0046005,-0.196479797,0.196479797,
115.1882019,115.101593,-0.086608887,0.086608887,
115.1882019,114.8469467,-0.341255188,0.341255188,
115.1665802,114.7369614,-0.429618835,0.429618835,
115.1665802,114.5917587,-0.574821472,0.574821472,
115.0376053,114.4317398,-0.605865479,0.605865479,
115.0376053,114.5267181,-0.510887146,0.510887146,
114.8267975,114.6833878,-0.143409729,0.143409729,
114.8267975,114.6571579,-0.169639587,0.169639587,
114.7592621,114.8467102,0.08744812,0.08744812,
114.7592621,114.8290558,0.069793701,0.069793701,
114.8044891,114.4174805,-0.387008667,0.387008667,
114.7812119,113.3483429,-1.432868958,1.432868958,
114.7812119,113.1130066,-1.668205261,1.668205261,
114.3896713,113.0082092,-1.381462097,1.381462097,
113.9267883,108.2881088,-5.638679504,5.638679504,
113.9267883,107.2287979,-6.697990417,6.697990417,
112.5885162,106.0387955,-6.549720764,6.549720764,
110.6965714,91.86432648,-18.83224487,18.83224487,
110.6965714,87.04260254,-23.65396881,23.65396881,
106.1388931,83.57533264,-22.56356049,22.56356049,
99.41512299,62.98212433,-36.43299866,36.43299866,
90.14028931,62.01006317,-28.13022614,28.13022614,
90.14028931,39.06614685,-51.07414246,51.07414246,
78.70735168,42.28174973,-36.42560196,36.42560196,
67.76679993,38.87158966,-28.89521027,28.89521027,
67.76679993,25.48077202,-42.28602791,42.28602791,
56.93655777,30.93105507,-26.0055027,26.0055027,
56.93655777,27.86790657,-29.0686512,29.0686512,
46.68052292,34.5615654,-12.11895752,12.11895752,
46.68052292,23.91568565,-22.76483727,22.76483727,
39.14236832,30.11493111,-9.02743721,9.02743721,
39.14236832,29.99956703,-9.142801285,9.142801285,
33.83286285,30.27949333,-3.553369522,3.553369522,
32.0798645,31.97029877,-0.109565735,0.109565735,
32.0798645,32.07239151,-0.007472992,0.007472992,
31.56747246,32.29301834,0.725545883,0.725545883,
31.56747246,30.06711769,-1.500354767,1.500354767,
31.57813644,29.85872269,-1.719413757,1.719413757,
31.57813644,29.61694908,-1.961187363,1.961187363,
31.07089424,28.36058998,-2.71030426,2.71030426,
30.48872375,28.20299721,-2.285726547,2.285726547,
30.48872375,27.90607834,-2.582645416,2.582645416,
29.70242691,28.26182747,-1.440599442,1.440599442,
29.70242691,26.11004829,-3.592378616,3.592378616,
29.08146667,26.95311737,-2.128349304,2.128349304,
28.11894035,28.36686516,0.247924805,0.247924805,
28.11894035,28.1719799,0.053039551,0.053039551,
27.94215012,25.88908577,-2.053064346,2.053064346,
27.94215012,25.33200836,-2.610141754,2.610141754,
27.28709602,25.3714962,-1.915599823,1.915599823,
27.28709602,24.01052666,-3.276569366,3.276569366,
26.56577682,24.40639305,-2.159383774,2.159383774,
26.56577682,24.09651756,-2.469259262,2.469259262,
25.64851952,24.80235291,-0.846166611,0.846166611,
25.64851952,24.50444794,-1.144071579,1.144071579,
25.12592316,25.00657845,-0.119344711,0.119344711,
25.12592316,25.30910873,0.183185577,0.183185577,
25.01651001,25.76202774,0.745517731,0.745517731,
25.01651001,25.91322708,0.896717072,0.896717072,
25.20438957,25.28026962,0.075880051,0.075880051,
25.34008408,24.93852425,-0.40155983,0.40155983,
25.34008408,24.58976173,-0.750322342,0.750322342,
25.21089745,24.04224968,-1.168647766,1.168647766,
24.86226082,24.22934723,-0.632913589,0.632913589,
24.86226082,24.04284477,-0.819416046,0.819416046,
24.59368706,24.23710632,-0.356580734,0.356580734,
24.43305779,24.12662125,-0.306436539,0.306436539,
24.43305779,23.98835564,-0.444702148,0.444702148,
24.30270576,23.98558235,-0.317123413,0.317123413,
24.30270576,23.8351059,-0.467599869,0.467599869,
24.18210411,23.75301361,-0.4290905,0.4290905,
24.18210411,23.60676956,-0.575334549,0.575334549,
24.02481651,23.51630592,-0.50851059,0.50851059,
24.02481651,23.38703537,-0.637781143,0.637781143,
23.85802078,23.61944008,-0.238580704,0.238580704,
23.70693779,23.74763107,0.040693283,0.040693283,
23.70693779,23.5175724,-0.189365387,0.189365387,
23.6505909,23.44564438,-0.204946518,0.204946518,
23.6505909,24.10314178,0.452550888,0.452550888,
23.6934433,24.26259232,0.569149017,0.569149017,
23.6934433,24.06341362,0.369970322,0.369970322,
23.8788929,24.10387802,0.224985123,0.224985123,
23.96417236,24.25680733,0.292634964,0.292634964,
23.96417236,24.00331116,0.039138794,0.039138794,
24.01986885,20.45858765,-3.561281204,3.561281204,
23.65462494,18.04454422,-5.610080719,5.610080719,
23.65462494,17.99353027,-5.661094666,5.661094666,
22.01748466,20.01216507,-2.005319595,2.005319595,
22.01748466,20.98223877,-1.035245895,1.035245895,
20.97513771,23.19831848,2.223180771,2.223180771,
21.21755028,24.22911453,3.011564255,3.011564255,
21.21755028,25.40896225,4.191411972,4.191411972,
22.187006,25.30247116,3.115465164,3.115465164,
22.187006,25.863451,3.676445007,3.676445007,
23.20559502,25.43123055,2.225635529,2.225635529,
23.20559502,25.81396675,2.608371735,2.608371735,
24.05327988,25.22675896,1.17347908,1.17347908,
24.05327988,25.37485695,1.321577072,1.321577072,
24.57033539,25.06229019,0.491954803,0.491954803,
24.82248688,25.23032951,0.407842636,0.407842636,
24.82248688,24.99612808,0.173641205,0.173641205,
24.93143272,24.82664299,-0.104789734,0.104789734,
24.93143272,24.47805977,-0.453372955,0.453372955,
24.88306427,24.4863472,-0.396717072,0.396717072,
24.73024368,24.33413887,-0.396104813,0.396104813,
24.60830879,24.44311142,-0.165197372,0.165197372,
24.60830879,24.71988869,0.111579895,0.111579895,
24.62103081,25.00139618,0.380365372,0.380365372,
24.62103081,24.93856239,0.317531586,0.317531586,
24.72278023,24.94300842,0.220228195,0.220228195,
24.79563713,24.662714,-0.132923126,0.132923126,
24.79563713,24.42970467,-0.365932465,0.365932465,
24.77526855,24.20610428,-0.569164276,0.569164276,
24.77526855,24.04393196,-0.731336594,0.731336594,
24.57157326,24.08379745,-0.487775803,0.487775803,
24.36781883,23.71605682,-0.651762009,0.651762009,
24.36781883,24.01684761,-0.350971222,0.350971222,
24.25517845,24.19522858,-0.059949875,0.059949875,
24.25517845,24.06252098,-0.192657471,0.192657471,
24.20051003,23.75303459,-0.447475433,0.447475433,
24.20051003,23.77696419,-0.423545837,0.423545837,
24.0736866,23.85443115,-0.219255447,0.219255447,
24.01420403,23.71048927,-0.303714752,0.303714752,
24.01420403,23.98332214,-0.030881882,0.030881882,
23.93553543,24.09469414,0.159158707,0.159158707,
23.93553543,24.32003403,0.384498596,0.384498596,
24.00906944,24.55200005,0.542930603,0.542930603,
24.1715889,24.41321754,0.241628647,0.241628647,
24.1715889,24.05236053,-0.119228363,0.119228363,
24.22092628,23.75814438,-0.462781906,0.462781906,
24.22092628,23.57935143,-0.64157486,0.64157486,
24.08987808,23.61494064,-0.474937439,0.474937439,
24.08987808,23.82201004,-0.267868042,0.267868042,
23.917799,24.26931953,0.351520538,0.351520538,
23.93464661,24.42206573,0.487419128,0.487419128,
23.93464661,24.64722061,0.712574005,0.712574005,
24.13070488,24.44927979,0.318574905,0.318574905,
24.13070488,24.49749184,0.366786957,0.366786957,
24.2947731,24.51181221,0.217039108,0.217039108,
24.2947731,24.32639694,0.03162384,0.03162384,
24.38267708,24.0085144,-0.374162674,0.374162674,
24.38267708,24.18626213,-0.196414948,0.196414948,
24.30552483,24.19267082,-0.112854004,0.112854004,
24.30552483,23.90215874,-0.403366089,0.403366089,
24.27426338,23.99207497,-0.282188416,0.282188416,
24.17289162,24.15939713,-0.013494492,0.013494492,
24.17289162,24.45184898,0.278957367,0.278957367,
24.17084503,24.64647102,0.475625992,0.475625992,
24.28755951,24.64773369,0.360174179,0.360174179,
24.28755951,24.7265377,0.438978195,0.438978195,
24.47802925,24.58061218,0.102582932,0.102582932,
24.47802925,24.48041916,0.002389908,0.002389908,
24.54537773,24.38028908,-0.165088654,0.165088654,
24.49786377,24.71423531,0.216371536,0.216371536,
24.49786377,24.7157383,0.217874527,0.217874527,
24.57402229,24.72634697,0.152324677,0.152324677,
24.57402229,24.83426857,0.260246277,0.260246277,
24.65321541,24.80978012,0.156564713,0.156564713,
24.65321541,24.92588043,0.272665024,0.272665024,
24.73991394,24.75878906,0.018875122,0.018875122,
24.77457809,24.61427689,-0.160301208,0.160301208,
24.77457809,24.64593697,-0.128641129,0.128641129,
24.70306206,24.6982708,-0.00479126,0.00479126,
24.70306206,21.83217621,-2.870885849,2.870885849,
24.6248455,22.22120667,-2.40363884,2.40363884,
23.80665398,23.12027168,-0.686382294,0.686382294,
23.80665398,23.67120934,-0.135444641,0.135444641,
23.43074036,24.48710251,1.056362152,1.056362152,
23.62657547,24.82117081,1.194595337,1.194595337,
23.62657547,25.00087738,1.37430191,1.37430191,
24.04475784,24.86706161,0.822303772,0.822303772,
24.04475784,24.79896736,0.754209518,0.754209518,
24.33828735,24.65921211,0.320924759,0.320924759,
24.515522,24.79034424,0.274822235,0.274822235,
24.515522,24.73487854,0.219356537,0.219356537,
24.58939743,24.26986504,-0.319532394,0.319532394,
24.58939743,24.12521362,-0.464183807,0.464183807,
24.50222778,24.29798698,-0.204240799,0.204240799,
24.39901733,24.373703,-0.025314331,0.025314331,
24.39901733,24.24092293,-0.158094406,0.158094406,
24.40253067,24.63552856,0.232997894,0.232997894,
24.40253067,24.46102142,0.058490753,0.058490753,
24.51141739,24.23018456,-0.281232834,0.281232834,
24.51141739,24.06805611,-0.443361282,0.443361282,
24.45366287,24.63772392,0.18406105,0.18406105,
24.45936394,24.34736633,-0.111997604,0.111997604,
24.45936394,24.07931709,-0.380046844,0.380046844,
24.42502022,24.44994545,0.024925232,0.024925232,
24.42502022,24.41158676,-0.013433456,0.013433456,
24.32396507,24.49226952,0.168304443,0.168304443,
24.3766613,24.25071144,-0.12594986,0.12594986,
24.35785294,24.00692558,-0.350927353,0.350927353,
24.35785294,23.8774662,-0.480386734,0.480386734,
24.23402786,23.77111053,-0.462917328,0.462917328,
24.23402786,23.19838524,-1.035642624,1.035642624,
24.0341835,22.96455574,-1.069627762,1.069627762,
24.0341835,23.09337425,-0.94080925,0.94080925,
23.68257332,23.5939579,-0.088615417,0.088615417,
23.55758667,24.13428307,0.576696396,0.576696396,
23.55758667,24.16558838,0.608001709,0.608001709,
23.72250557,24.13166046,0.409154892,0.409154892,
23.72250557,23.83792877,0.115423203,0.115423203,
23.86891937,23.82248306,-0.04643631,0.04643631,
23.86891937,23.18041611,-0.688503265,0.688503265,
23.81351089,23.26111221,-0.552398682,0.552398682,
23.81351089,23.28902435,-0.524486542,0.524486542,
23.63640785,23.18809509,-0.448312759,0.448312759,
23.49284172,23.56002235,0.067180634,0.067180634,
23.49284172,23.68791199,0.195070267,0.195070267,
23.54034424,23.5608654,0.020521164,0.020521164,
23.54034424,23.33036041,-0.209983826,0.209983826,
23.5537262,23.46035957,-0.093366623,0.093366623,
23.49915504,23.46478844,-0.034366608,0.034366608,
23.49915504,23.19662666,-0.302528381,0.302528381,
23.47725677,23.60468674,0.127429962,0.127429962,
23.47725677,23.87764168,0.400384903,0.400384903,
23.49670792,23.85677719,0.360069275,0.360069275,
23.49670792,23.97220421,0.475496292,0.475496292,
23.66911697,23.9021225,0.233005524,0.233005524,
23.66911697,23.9101181,0.241001129,0.241001129,
23.78974724,23.88314247,0.093395233,0.093395233,
23.84169769,23.79419518,-0.047502518,0.047502518,
23.84169769,23.75086403,-0.090833664,0.090833664,
23.82454681,23.84767723,0.023130417,0.023130417,
23.82454681,23.91139412,0.086847305,0.086847305,
23.8318882,23.84582901,0.013940811,0.013940811,
23.8318882,23.42119598,-0.410692215,0.410692215,
23.85173607,23.11276817,-0.738967896,0.738967896,
23.63268852,22.95438957,-0.67829895,0.67829895,
23.63268852,23.45280838,-0.179880142,0.179880142,
23.48179054,23.50836563,0.026575089,0.026575089,
23.48614502,23.33200073,-0.154144287,0.154144287,
23.37846375,23.88589287,0.507429123,0.507429123,
23.56349945,24.46830177,0.904802322,0.904802322,
23.56349945,25.32352257,1.760023117,1.760023117,
23.91506577,25.16669846,1.25163269,1.25163269,
24.30244446,25.87675095,1.574306488,1.574306488,
24.7342968,25.87148857,1.137191772,1.137191772,
24.7342968,26.1036911,1.369394302,1.369394302,
25.20288467,25.82547569,0.622591019,0.622591019,
25.47419548,26.2571373,0.782941818,0.782941818,
25.47419548,26.38644791,0.912252426,0.912252426,
25.70089531,26.01397896,0.313083649,0.313083649,
25.91825294,26.12988281,0.211629868,0.211629868,
25.91825294,25.98130226,0.063049316,0.063049316,
25.95044327,25.73646736,-0.213975906,0.213975906,
25.91073608,25.47977638,-0.430959702,0.430959702,
25.91073608,24.95984459,-0.950891495,0.950891495,
25.75790977,25.03568649,-0.722223282,0.722223282,
25.75790977,25.22072601,-0.537183762,0.537183762,
25.51940727,25.29434013,-0.225067139,0.225067139,
25.44240761,25.02306747,-0.419340134,0.419340134,
25.44240761,25.13851547,-0.303892136,0.303892136,
25.34363937,25.09654236,-0.247097015,0.247097015,
25.34363937,24.87418556,-0.469453812,0.469453812,
25.30307007,25.16668129,-0.136388779,0.136388779,
25.23894882,25.01505852,-0.223890305,0.223890305,
25.23894882,24.89333725,-0.345611572,0.345611572,
25.14639473,24.92878532,-0.217609406,0.217609406,
25.14639473,24.71895218,-0.427442551,0.427442551,
25.06622696,23.99420166,-1.072025299,1.072025299,
25.06622696,24.51315689,-0.553070068,0.553070068,
24.8164711,24.36826134,-0.448209763,0.448209763,
24.7475338,24.22089767,-0.526636124,0.526636124,
24.7475338,23.36663055,-1.380903244,1.380903244,
24.48499489,23.8654232,-0.619571686,0.619571686,
24.48499489,23.98240089,-0.502593994,0.502593994,
24.22558403,23.7340889,-0.491495132,0.491495132,
24.15002632,23.83734894,-0.312677383,0.312677383,
24.15002632,24.10922241,-0.040803909,0.040803909,
24.08978462,23.96864319,-0.121141434,0.121141434,
24.10777664,23.78393364,-0.323843002,0.323843002,
24.10777664,23.44674873,-0.661027908,0.661027908,
23.98200607,23.57179832,-0.410207748,0.410207748,
23.98200607,23.55705452,-0.424951553,0.424951553,
23.82941246,24.62257195,0.793159485,0.793159485,
23.87887573,25.05175781,1.17288208,1.17288208,
23.87887573,25.05467796,1.175802231,1.175802231,
24.26286697,25.14645576,0.883588791,0.883588791,
24.26286697,27.13957977,2.876712799,2.876712799,
24.62878609,27.17912674,2.550340652,2.550340652,
24.62878609,26.88767624,2.258890152,2.258890152,
25.39839745,27.00901031,1.610612869,1.610612869,
25.88621712,31.50050545,5.61428833,5.61428833,
25.88621712,32.36677933,6.48056221,6.48056221,
27.05599594,32.89711761,5.841121674,5.841121674,
29.02875519,35.06936264,6.040607452,6.040607452,
29.02875519,42.81367493,13.78491974,13.78491974,
31.09540558,43.11566544,12.02025986,12.02025986,
31.09540558,44.95236969,13.85696411,13.85696411,
34.69438934,44.21836853,9.523979187,9.523979187,
34.69438934,54.85446167,20.16007233,20.16007233,
38.07498169,54.72364044,16.64865875,16.64865875,
42.24987793,52.89622116,10.64634323,10.64634323,
42.24987793,54.78607178,12.53619385,12.53619385,
46.62896347,62.72327423,16.09431076,16.09431076,
46.62896347,64.42150116,17.79253769,17.79253769,
51.26727295,62.92402649,11.65675354,11.65675354,
51.26727295,64.55033875,13.2830658,13.2830658,
55.86834717,71.91013336,16.04178619,16.04178619,
55.86834717,74.0463028,18.17795563,18.17795563,
60.24858475,73.09494019,12.84635544,12.84635544,
64.73549652,80.69474792,15.9592514,15.9592514,
64.73549652,83.25391388,18.51841736,18.51841736,
69.37423706,82.22767639,12.85343933,12.85343933,
69.37423706,83.61577606,14.241539,14.241539,
74.28153229,92.01295471,17.73142242,17.73142242,
79.23375702,90.67758179,11.44382477,11.44382477,
84.34873962,93.99754333,9.648803711,9.648803711,
84.34873962,103.2621765,18.91343689,18.91343689,
89.44858551,102.1911011,12.74251556,12.74251556,
94.82849121,110.3014526,15.47296143,15.47296143,
94.82849121,112.0060043,17.17751312,17.17751312,
99.98000336,109.5278702,9.547866821,9.547866821,
99.98000336,111.0723267,11.0923233,11.0923233,
104.8993607,114.1960144,9.296653748,9.296653748,
104.8993607,114.820961,9.921600342,9.921600342,
108.9219894,112.3906326,3.468643188,3.468643188,
111.3288422,113.7683258,2.439483643,2.439483643,
111.3288422,113.7337952,2.404953003,2.404953003,
112.6415176,112.7769623,0.135444641,0.135444641,
112.6415176,114.2213211,1.579803467,1.579803467,
113.0173111,114.0179749,1.000663757,1.000663757,
113.0173111,114.2793884,1.262077332,1.262077332,
113.480835,113.8897018,0.408866882,0.408866882,
113.480835,113.9193954,0.438560486,0.438560486,
113.7919235,114.3581009,0.566177368,0.566177368,
114.0119858,114.1330643,0.121078491,0.121078491,
114.0119858,114.1002808,0.088294983,0.088294983,
114.1115189,114.4732361,0.361717224,0.361717224,
114.208313,114.5133743,0.30506134,0.30506134,
114.208313,114.4699402,0.261627197,0.261627197,
114.3328247,114.5959167,0.263092041,0.263092041,
114.4364166,114.4429398,0.006523132,0.006523132,
114.4364166,114.2965164,-0.139900208,0.139900208,
114.4515381,114.2299652,-0.221572876,0.221572876,
114.4515381,114.2317352,-0.219802856,0.219802856,
114.4034195,114.3675995,-0.035820007,0.035820007,
114.4034195,114.5052567,0.101837158,0.101837158,
114.389595,114.4574432,0.067848206,0.067848206,
114.389595,114.6470337,0.25743866,0.25743866,
114.4514923,114.6439743,0.192481995,0.192481995,
114.5801239,114.7439117,0.163787842,0.163787842,
114.5801239,114.7337494,0.153625488,0.153625488,
114.7001038,114.5963135,-0.103790283,0.103790283,
114.7001038,114.5938187,-0.106285095,0.106285095,
114.7102127,114.7021561,-0.008056641,0.008056641,
114.702774,114.7026825,-9.16E-05,9.15527E-05,
114.7371979,114.7026901,-0.034507751,0.034507751,
114.7830048,114.5498428,-0.233161926,0.233161926,
114.7830048,114.4313354,-0.351669312,0.351669312,
114.7046661,114.2685318,-0.436134338,0.436134338,
114.7046661,114.2367859,-0.467880249,0.467880249,
114.6373291,114.343956,-0.293373108,0.293373108,
114.5193558,114.3082962,-0.21105957,0.21105957,
114.5193558,114.3395157,-0.179840088,0.179840088,
114.4386826,114.2254868,-0.213195801,0.213195801,
114.3935928,114.3045654,-0.089027405,0.089027405,
114.3935928,114.3329697,-0.060623169,0.060623169,
114.3533859,114.2608185,-0.092567444,0.092567444,
114.3817291,114.3906555,0.008926392,0.008926392,
114.3817291,114.4874191,0.105690002,0.105690002,
114.4050217,114.3695831,-0.035438538,0.035438538,
114.4050217,114.3312531,-0.073768616,0.073768616,
114.4839478,114.4868088,0.002861023,0.002861023,
114.4839478,114.5089264,0.024978638,0.024978638,
114.4702148,114.5612564,0.091041565,0.091041565,
114.5140839,114.1664581,-0.347625732,0.347625732,
114.5140839,114.2307587,-0.283325195,0.283325195,
114.4813766,114.1165924,-0.364784241,0.364784241,
114.3946152,114.2981186,-0.096496582,0.096496582,
114.3946152,114.2236633,-0.170951843,0.170951843,
114.3542175,114.3262177,-0.027999878,0.027999878,
114.3542175,114.5167236,0.162506104,0.162506104,
114.3486633,114.4328156,0.084152222,0.084152222,
114.3486633,114.3263779,-0.022285461,0.022285461,
114.4097748,114.1917343,-0.218040466,0.218040466,
114.3838501,118.8019333,4.418083191,4.418083191,
114.3838501,117.7973938,3.413543701,3.413543701,
115.4808884,115.4647369,-0.016151428,0.016151428,
116.0585632,113.9965057,-2.062057495,2.062057495,
116.0585632,113.2470932,-2.811470032,2.811470032,
115.4988403,113.2968063,-2.202033997,2.202033997,
115.4988403,113.1984482,-2.300392151,2.300392151,
114.7175827,113.843132,-0.874450684,0.874450684,
114.7175827,113.8914337,-0.826148987,0.826148987,
114.2428589,114.5350571,0.292198181,0.292198181,
114.1878967,114.8266602,0.638763428,0.638763428,
114.1878967,114.8440704,0.656173706,0.656173706,
114.3911514,114.5937271,0.202575684,0.202575684,
114.5723801,114.4003067,-0.172073364,0.172073364,
114.5723801,114.3448257,-0.227554321,0.227554321,
114.5277252,114.3289337,-0.198791504,0.198791504,
114.507637,114.5976868,0.090049744,0.090049744,
114.507637,114.7132416,0.205604553,0.205604553,
114.5374069,114.7203217,0.182914734,0.182914734,
114.5374069,114.7016144,0.164207458,0.164207458,
114.6288834,114.5671692,-0.061714172,0.061714172,
114.6261215,114.6471252,0.021003723,0.021003723,
114.6261215,114.5948257,-0.031295776,0.031295776,
114.6573486,114.5014954,-0.155853271,0.155853271,
114.6573486,114.3568268,-0.300521851,0.300521851,
114.6318588,114.2988663,-0.332992554,0.332992554,
114.5291672,114.3142624,-0.214904785,0.214904785,
114.5291672,114.6525803,0.123413086,0.123413086,
114.4948349,114.7315903,0.236755371,0.236755371,
114.4948349,114.3705673,-0.124267578,0.124267578,
114.598793,114.1862946,-0.412498474,0.412498474,
114.4542236,113.4861679,-0.968055725,0.968055725,
114.1790924,113.2405472,-0.938545227,0.938545227,
114.1790924,113.3870468,-0.792045593,0.792045593,
113.9160156,113.836937,-0.079078674,0.079078674,
113.9160156,113.92276,0.006744385,0.006744385,
113.812851,114.1233139,0.310462952,0.310462952,
113.8799438,114.2850037,0.405059814,0.405059814,
113.8799438,114.4007339,0.5207901,0.5207901,
114.041008,114.3781738,0.337165833,0.337165833,
114.1966095,114.5905991,0.393989563,0.393989563,
114.1966095,114.6135788,0.416969299,0.416969299,
114.3410263,114.3283691,-0.012657166,0.012657166,
114.3410263,114.2134781,-0.127548218,0.127548218,
114.3847885,114.0909805,-0.293807983,0.293807983,
114.3087616,114.0581284,-0.25063324,0.25063324,
114.3087616,114.173172,-0.1355896,0.1355896,
114.227272,114.346283,0.119010925,0.119010925,
114.2667236,122.3113022,8.044578552,8.044578552,
114.2667236,123.4759674,9.209243774,9.209243774,
